Product Id,Product Name,Category,Warehouse,Location,Quantity,Price,Supplier,Status,Last Restocked
1102,Gadget Y,Electronics,Warehouse 2,Aisle 1,300,9.99,Supplier C,In Stock,NaN
1435,Gadget Y,Electronics,Warehouse 2,Aisle 4,200,19.99,Supplier C,Out Of Stock,NaN
1860,Widget A,Clothing,Warehouse 2,Aisle 3,100,19.99,Supplier B,In Stock,20/12/2022
1270,Gadget Z,Toys,Warehouse 2,Aisle 4,50,49.99,Supplier B,In Stock,20/12/2022
1106,Widget A,Furniture,Warehouse 3,Aisle 3,200,9.99,Supplier D,Out Of Stock,25/04/2023
1071,Widget B,Clothing,Warehouse 3,Aisle 5,300,NaN,Supplier A,In Stock,20/12/2022
1700,Widget A,Clothing,Warehouse 2,Aisle 2,200,49.99,Supplier B,In Stock,20/12/2022
1020,Widget C,Clothing,Warehouse 1,Aisle 5,200,9.99,Supplier D,Out Of Stock,20/12/2022
1614,Gadget Y,Electronics,Warehouse 3,Aisle 3,300,9.99,Supplier B,Out Of Stock,05/03/2023
1121,Widget B,Toys,Warehouse 1,Aisle 2,50,19.99,Supplier C,Out Of Stock,20/12/2022
1466,Widget A,Clothing,Warehouse 3,Aisle 1,NaN,49.99,Supplier B,In Stock,15/01/2023
1214,Gadget Z,Furniture,Warehouse 2,Aisle 1,50,9.99,Supplier A,Low Stock,15/01/2023
1330,Widget C,Toys,Warehouse 3,Aisle 4,150,9.99,Supplier B,In Stock,25/04/2023
1458,Widget C,Furniture,Warehouse 2,Aisle 3,300,49.99,Supplier A,Low Stock,05/03/2023
1087,Widget A,Toys,Warehouse 3,Aisle 3,50,NaN,Supplier C,Out Of Stock,15/01/2023
1372,Gadget Y,Furniture,Warehouse 2,Aisle 1,200,49.99,Supplier A,Low Stock,05/03/2023
1099,Widget A,Electronics,Warehouse 2,Aisle 5,300,49.99,Supplier B,Out Of Stock,05/03/2023
1871,Widget B,Clothing,Warehouse 2,Aisle 2,100,NaN,Supplier D,Out Of Stock,25/04/2023
1663,Widget A,Furniture,Warehouse 2,Aisle 5,50,49.99,Supplier C,Low Stock,05/03/2023
1130,Widget C,Toys,Warehouse 1,Aisle 5,300,9.99,Supplier B,Out Of Stock,20/12/2022
1661,Widget A,Clothing,Warehouse 2,Aisle 1,50,49.99,Supplier C,Low Stock,05/03/2023
1308,Gadget Y,Clothing,Warehouse 1,Aisle 1,300,NaN,Supplier C,Out Of Stock,25/04/2023
1769,Gadget Z,Toys,Warehouse 1,Aisle 1,200,29.99,Supplier B,In Stock,25/04/2023
1343,Gadget X,Furniture,Warehouse 2,Aisle 4,100,49.99,Supplier B,In Stock,25/04/2023
1491,Widget A,Electronics,Warehouse 1,Aisle 5,100,19.99,Supplier D,Out Of Stock,15/01/2023
1413,Gadget Y,Electronics,Warehouse 3,Aisle 3,150,9.99,Supplier C,Out Of Stock,20/12/2022
1805,Gadget Y,Furniture,Warehouse 2,Aisle 2,300,9.99,Supplier C,Low Stock,15/01/2023
1385,Gadget Z,Clothing,Warehouse 1,Aisle 4,50,19.99,Supplier B,In Stock,NaN
1191,Widget C,Clothing,Warehouse 2,Aisle 3,100,19.99,Supplier A,Low Stock,20/12/2022
1955,Gadget Y,Clothing,Warehouse 2,Aisle 5,100,49.99,Supplier B,Out Of Stock,05/03/2023
1276,Gadget Y,Clothing,Warehouse 2,Aisle 1,NaN,19.99,Supplier C,Out Of Stock,25/04/2023
1160,Gadget Y,Furniture,Warehouse 1,Aisle 5,NaN,29.99,Supplier B,Low Stock,NaN
1459,Gadget Y,Clothing,Warehouse 3,Aisle 2,100,NaN,Supplier D,Out Of Stock,20/12/2022
1313,Widget B,Toys,Warehouse 3,Aisle 4,300,19.99,Supplier A,In Stock,15/01/2023
1021,Widget B,Clothing,Warehouse 1,Aisle 4,150,19.99,Supplier B,Low Stock,25/04/2023
1252,Widget C,Electronics,Warehouse 2,Aisle 2,100,29.99,Supplier D,In Stock,15/01/2023
1747,Widget A,Clothing,Warehouse 1,Aisle 3,200,9.99,Supplier C,In Stock,20/12/2022
1856,Gadget Y,Furniture,Warehouse 1,Aisle 3,50,9.99,Supplier B,In Stock,20/12/2022
1560,Gadget Z,Electronics,Warehouse 1,Aisle 4,150,49.99,Supplier C,Low Stock,NaN
1474,Widget A,Furniture,Warehouse 2,Aisle 4,200,29.99,Supplier D,Out Of Stock,05/03/2023
1058,Gadget Z,Furniture,Warehouse 1,Aisle 1,150,NaN,Supplier C,In Stock,15/01/2023
1510,Widget A,Electronics,Warehouse 2,Aisle 3,200,NaN,Supplier D,In Stock,NaN
1681,Widget C,Furniture,Warehouse 1,Aisle 2,50,29.99,Supplier D,In Stock,25/04/2023
1475,Gadget Y,Furniture,Warehouse 3,Aisle 3,50,NaN,Supplier D,Out Of Stock,05/03/2023
1699,Gadget Y,Clothing,Warehouse 1,Aisle 1,NaN,9.99,Supplier B,Out Of Stock,NaN
1975,Gadget X,Toys,Warehouse 1,Aisle 4,300,NaN,Supplier C,Low Stock,15/01/2023
1782,Gadget Z,Furniture,Warehouse 3,Aisle 4,200,NaN,Supplier C,Out Of Stock,20/12/2022
1189,Widget A,Furniture,Warehouse 2,Aisle 1,NaN,29.99,Supplier A,Low Stock,25/04/2023
1957,Widget A,Furniture,Warehouse 2,Aisle 2,200,29.99,Supplier A,Low Stock,15/01/2023
1686,Widget B,Clothing,Warehouse 1,Aisle 4,NaN,NaN,Supplier A,Low Stock,05/03/2023
1957,Gadget X,Toys,Warehouse 3,Aisle 5,50,19.99,Supplier A,Low Stock,05/03/2023
1562,Widget B,Electronics,Warehouse 2,Aisle 4,150,29.99,Supplier C,Low Stock,20/12/2022
1875,Widget B,Clothing,Warehouse 1,Aisle 5,NaN,49.99,Supplier D,In Stock,20/12/2022
1566,Widget B,Clothing,Warehouse 3,Aisle 1,200,49.99,Supplier D,Out Of Stock,25/04/2023
1243,Gadget Z,Toys,Warehouse 2,Aisle 1,200,9.99,Supplier B,In Stock,25/04/2023
1831,Gadget Z,Toys,Warehouse 2,Aisle 4,300,NaN,Supplier D,Low Stock,20/12/2022
1504,Widget C,Clothing,Warehouse 3,Aisle 3,50,19.99,Supplier C,Out Of Stock,20/12/2022
1130,Widget C,Electronics,Warehouse 3,Aisle 5,200,9.99,Supplier C,In Stock,05/03/2023
1484,Widget B,Clothing,Warehouse 3,Aisle 2,100,NaN,Supplier C,In Stock,20/12/2022
1818,Gadget X,Toys,Warehouse 3,Aisle 4,150,29.99,Supplier B,Low Stock,NaN
1646,Widget A,Electronics,Warehouse 1,Aisle 2,NaN,49.99,Supplier A,In Stock,15/01/2023
1020,Gadget Z,Toys,Warehouse 3,Aisle 4,300,19.99,Supplier D,In Stock,20/12/2022
1840,Gadget X,Electronics,Warehouse 2,Aisle 3,150,49.99,Supplier C,In Stock,25/04/2023
1166,Gadget Y,Furniture,Warehouse 2,Aisle 3,50,29.99,Supplier C,In Stock,NaN
1273,Gadget Z,Toys,Warehouse 1,Aisle 3,300,NaN,Supplier A,In Stock,25/04/2023
1387,Gadget Z,Toys,Warehouse 2,Aisle 3,NaN,29.99,Supplier C,Low Stock,NaN
1600,Widget C,Clothing,Warehouse 2,Aisle 1,NaN,29.99,Supplier D,Low Stock,20/12/2022
1315,Widget A,Toys,Warehouse 3,Aisle 1,100,49.99,Supplier B,In Stock,15/01/2023
1013,Widget A,Toys,Warehouse 2,Aisle 5,50,19.99,Supplier C,Low Stock,25/04/2023
1241,Gadget Y,Furniture,Warehouse 1,Aisle 2,300,29.99,Supplier D,Low Stock,NaN
1776,Gadget Y,Toys,Warehouse 3,Aisle 4,300,49.99,Supplier C,Out Of Stock,05/03/2023
1345,Gadget Z,Furniture,Warehouse 3,Aisle 4,200,19.99,Supplier A,In Stock,20/12/2022
1564,Widget B,Furniture,Warehouse 1,Aisle 1,100,NaN,Supplier C,Low Stock,15/01/2023
1897,Widget C,Furniture,Warehouse 3,Aisle 4,100,NaN,Supplier C,Low Stock,20/12/2022
1339,Widget C,Furniture,Warehouse 3,Aisle 1,300,9.99,Supplier B,In Stock,05/03/2023
1091,Gadget Z,Electronics,Warehouse 1,Aisle 5,300,49.99,Supplier A,Out Of Stock,15/01/2023
1366,Gadget X,Clothing,Warehouse 3,Aisle 2,150,19.99,Supplier A,In Stock,05/03/2023
1955,Widget B,Electronics,Warehouse 1,Aisle 5,150,29.99,Supplier B,Out Of Stock,20/12/2022
1454,Gadget Z,Toys,Warehouse 1,Aisle 3,150,NaN,Supplier C,In Stock,NaN
1427,Widget B,Electronics,Warehouse 2,Aisle 3,100,19.99,Supplier D,In Stock,20/12/2022
1508,Widget B,Electronics,Warehouse 2,Aisle 3,200,49.99,Supplier A,In Stock,20/12/2022
1775,Widget B,Toys,Warehouse 3,Aisle 5,NaN,9.99,Supplier A,In Stock,20/12/2022
1942,Gadget Z,Toys,Warehouse 3,Aisle 4,150,NaN,Supplier C,Out Of Stock,25/04/2023
1034,Widget C,Toys,Warehouse 1,Aisle 2,200,19.99,Supplier C,Out Of Stock,05/03/2023
1205,Widget C,Electronics,Warehouse 3,Aisle 3,50,19.99,Supplier A,Low Stock,05/03/2023
1080,Widget B,Electronics,Warehouse 1,Aisle 3,150,19.99,Supplier C,In Stock,05/03/2023
1931,Gadget X,Toys,Warehouse 1,Aisle 3,NaN,49.99,Supplier D,Out Of Stock,25/04/2023
1561,Widget A,Clothing,Warehouse 3,Aisle 2,50,49.99,Supplier A,Out Of Stock,NaN
1871,Gadget Z,Clothing,Warehouse 1,Aisle 3,50,49.99,Supplier D,Out Of Stock,20/12/2022
1387,Widget A,Furniture,Warehouse 2,Aisle 2,NaN,29.99,Supplier D,In Stock,NaN
1001,Gadget X,Toys,Warehouse 3,Aisle 3,150,19.99,Supplier C,Low Stock,25/04/2023
1389,Gadget Z,Furniture,Warehouse 2,Aisle 5,100,NaN,Supplier D,Out Of Stock,05/03/2023
1565,Widget B,Clothing,Warehouse 3,Aisle 5,NaN,49.99,Supplier C,In Stock,20/12/2022
1105,Widget C,Furniture,Warehouse 1,Aisle 2,NaN,49.99,Supplier B,Out Of Stock,15/01/2023
1771,Widget A,Toys,Warehouse 3,Aisle 5,NaN,19.99,Supplier C,Out Of Stock,15/01/2023
1821,Gadget Y,Toys,Warehouse 2,Aisle 2,50,49.99,Supplier D,Low Stock,NaN
1476,Gadget Y,Toys,Warehouse 1,Aisle 5,200,29.99,Supplier B,Out Of Stock,05/03/2023
1702,Gadget X,Electronics,Warehouse 3,Aisle 5,100,29.99,Supplier C,Out Of Stock,15/01/2023
1401,Widget B,Furniture,Warehouse 3,Aisle 2,150,49.99,Supplier D,In Stock,NaN
1729,Widget A,Clothing,Warehouse 3,Aisle 4,150,19.99,Supplier A,In Stock,25/04/2023
1555,Widget B,Clothing,Warehouse 2,Aisle 5,200,19.99,Supplier A,Low Stock,NaN
1161,Widget A,Clothing,Warehouse 2,Aisle 3,NaN,19.99,Supplier C,In Stock,NaN
1201,Gadget X,Electronics,Warehouse 3,Aisle 4,100,9.99,Supplier C,In Stock,NaN
1957,Gadget X,Electronics,Warehouse 1,Aisle 2,150,49.99,Supplier A,Low Stock,20/12/2022
1995,Gadget Y,Toys,Warehouse 1,Aisle 4,300,19.99,Supplier D,Out Of Stock,NaN
1269,Widget B,Clothing,Warehouse 2,Aisle 1,150,29.99,Supplier D,Low Stock,NaN
1862,Gadget Z,Electronics,Warehouse 1,Aisle 1,NaN,NaN,Supplier D,In Stock,20/12/2022
1815,Gadget Y,Toys,Warehouse 2,Aisle 5,300,NaN,Supplier C,Low Stock,20/12/2022
1270,Widget B,Clothing,Warehouse 3,Aisle 5,200,19.99,Supplier B,Out Of Stock,25/04/2023
1455,Gadget Y,Furniture,Warehouse 2,Aisle 3,100,NaN,Supplier B,Low Stock,05/03/2023
1461,Gadget Z,Toys,Warehouse 2,Aisle 4,200,NaN,Supplier B,In Stock,15/01/2023
1726,Widget C,Electronics,Warehouse 3,Aisle 1,200,9.99,Supplier B,In Stock,15/01/2023
1251,Widget C,Electronics,Warehouse 1,Aisle 5,100,29.99,Supplier B,Low Stock,NaN
1701,Widget C,Toys,Warehouse 2,Aisle 4,100,29.99,Supplier C,Out Of Stock,25/04/2023
1295,Widget C,Toys,Warehouse 2,Aisle 5,150,9.99,Supplier C,Low Stock,NaN
1724,Widget A,Electronics,Warehouse 3,Aisle 5,150,9.99,Supplier B,Out Of Stock,15/01/2023
1719,Widget C,Furniture,Warehouse 1,Aisle 1,100,NaN,Supplier C,Out Of Stock,20/12/2022
1748,Gadget Z,Clothing,Warehouse 2,Aisle 1,300,49.99,Supplier C,Low Stock,05/03/2023
1337,Gadget X,Furniture,Warehouse 3,Aisle 5,50,NaN,Supplier B,Out Of Stock,25/04/2023
1878,Gadget X,Toys,Warehouse 2,Aisle 2,150,9.99,Supplier D,In Stock,20/12/2022
1052,Widget A,Furniture,Warehouse 3,Aisle 5,50,29.99,Supplier C,Low Stock,05/03/2023
1791,Widget C,Electronics,Warehouse 1,Aisle 5,300,NaN,Supplier D,Out Of Stock,25/04/2023
1921,Widget C,Toys,Warehouse 1,Aisle 3,100,49.99,Supplier C,In Stock,25/04/2023
1216,Widget C,Clothing,Warehouse 1,Aisle 3,300,NaN,Supplier C,Low Stock,15/01/2023
1763,Gadget Y,Electronics,Warehouse 1,Aisle 3,150,19.99,Supplier B,In Stock,20/12/2022
1187,Widget B,Electronics,Warehouse 2,Aisle 2,200,NaN,Supplier C,In Stock,25/04/2023
1379,Gadget Y,Clothing,Warehouse 2,Aisle 2,100,9.99,Supplier A,In Stock,25/04/2023
1492,Widget B,Clothing,Warehouse 1,Aisle 5,NaN,29.99,Supplier A,Out Of Stock,05/03/2023
1040,Widget C,Furniture,Warehouse 1,Aisle 3,50,29.99,Supplier B,Low Stock,15/01/2023
1156,Widget C,Toys,Warehouse 1,Aisle 2,300,9.99,Supplier D,Low Stock,NaN
1014,Gadget Y,Clothing,Warehouse 2,Aisle 1,100,19.99,Supplier D,Out Of Stock,15/01/2023
1812,Gadget Y,Clothing,Warehouse 1,Aisle 5,300,9.99,Supplier D,Low Stock,NaN
1064,Widget B,Toys,Warehouse 1,Aisle 4,100,NaN,Supplier A,In Stock,20/12/2022
1856,Gadget X,Clothing,Warehouse 1,Aisle 5,150,9.99,Supplier D,Low Stock,20/12/2022
1838,Widget B,Clothing,Warehouse 3,Aisle 4,150,9.99,Supplier D,Out Of Stock,25/04/2023
1520,Gadget Y,Furniture,Warehouse 1,Aisle 3,150,19.99,Supplier B,In Stock,20/12/2022
1343,Gadget Z,Electronics,Warehouse 3,Aisle 4,300,NaN,Supplier D,Out Of Stock,25/04/2023
1128,Gadget Y,Electronics,Warehouse 3,Aisle 3,NaN,49.99,Supplier A,In Stock,15/01/2023
1647,Gadget Z,Electronics,Warehouse 1,Aisle 1,150,49.99,Supplier A,In Stock,20/12/2022
1471,Widget A,Electronics,Warehouse 3,Aisle 4,100,29.99,Supplier A,Low Stock,15/01/2023
1062,Gadget Y,Clothing,Warehouse 1,Aisle 5,150,9.99,Supplier B,In Stock,15/01/2023
1138,Widget A,Toys,Warehouse 2,Aisle 3,200,29.99,Supplier B,Out Of Stock,20/12/2022
1498,Gadget X,Toys,Warehouse 2,Aisle 5,150,19.99,Supplier C,Low Stock,15/01/2023
1592,Widget B,Furniture,Warehouse 2,Aisle 2,300,49.99,Supplier D,Out Of Stock,20/12/2022
1391,Gadget Z,Furniture,Warehouse 2,Aisle 3,NaN,9.99,Supplier B,In Stock,20/12/2022
1674,Widget B,Clothing,Warehouse 3,Aisle 4,200,19.99,Supplier A,Out Of Stock,20/12/2022
1418,Widget A,Toys,Warehouse 1,Aisle 3,300,19.99,Supplier A,Out Of Stock,NaN
1288,Gadget Z,Toys,Warehouse 1,Aisle 5,300,9.99,Supplier B,In Stock,15/01/2023
1378,Widget B,Electronics,Warehouse 1,Aisle 1,300,19.99,Supplier B,Low Stock,05/03/2023
1772,Gadget Y,Clothing,Warehouse 2,Aisle 3,100,9.99,Supplier B,Out Of Stock,20/12/2022
1489,Widget C,Clothing,Warehouse 2,Aisle 4,300,9.99,Supplier C,In Stock,15/01/2023
1230,Widget A,Electronics,Warehouse 1,Aisle 2,100,NaN,Supplier A,Low Stock,25/04/2023
1040,Widget B,Clothing,Warehouse 2,Aisle 1,300,29.99,Supplier C,Low Stock,20/12/2022
1027,Widget A,Clothing,Warehouse 1,Aisle 2,50,19.99,Supplier C,Low Stock,20/12/2022
1134,Widget A,Furniture,Warehouse 1,Aisle 3,200,19.99,Supplier D,Out Of Stock,05/03/2023
1200,Gadget Z,Toys,Warehouse 1,Aisle 5,50,NaN,Supplier A,Out Of Stock,NaN
1839,Gadget Z,Clothing,Warehouse 1,Aisle 5,300,NaN,Supplier A,Out Of Stock,NaN
1779,Widget C,Furniture,Warehouse 1,Aisle 4,200,NaN,Supplier B,Low Stock,20/12/2022
1929,Gadget Y,Toys,Warehouse 1,Aisle 5,200,49.99,Supplier B,Out Of Stock,15/01/2023
1032,Widget A,Electronics,Warehouse 1,Aisle 1,NaN,49.99,Supplier D,In Stock,25/04/2023
1047,Widget B,Furniture,Warehouse 2,Aisle 5,50,49.99,Supplier C,Out Of Stock,25/04/2023
1502,Gadget X,Furniture,Warehouse 1,Aisle 4,NaN,9.99,Supplier B,Out Of Stock,15/01/2023
1406,Widget A,Toys,Warehouse 1,Aisle 3,200,19.99,Supplier B,Low Stock,20/12/2022
1573,Widget A,Electronics,Warehouse 2,Aisle 3,100,29.99,Supplier A,Out Of Stock,25/04/2023
1727,Widget C,Furniture,Warehouse 2,Aisle 5,200,9.99,Supplier A,In Stock,NaN
1804,Gadget Y,Clothing,Warehouse 2,Aisle 2,NaN,19.99,Supplier B,Low Stock,15/01/2023
1098,Gadget X,Clothing,Warehouse 1,Aisle 3,50,19.99,Supplier A,In Stock,05/03/2023
1683,Gadget Z,Clothing,Warehouse 3,Aisle 5,300,NaN,Supplier D,Low Stock,20/12/2022
1871,Gadget Z,Electronics,Warehouse 3,Aisle 4,300,NaN,Supplier B,Low Stock,15/01/2023
1725,Widget B,Furniture,Warehouse 2,Aisle 5,50,9.99,Supplier A,Out Of Stock,25/04/2023
1986,Gadget X,Clothing,Warehouse 3,Aisle 3,300,NaN,Supplier D,In Stock,20/12/2022
1546,Gadget Z,Electronics,Warehouse 2,Aisle 4,300,19.99,Supplier A,Low Stock,NaN
1960,Widget B,Clothing,Warehouse 1,Aisle 5,NaN,NaN,Supplier A,Out Of Stock,20/12/2022
1738,Gadget Y,Toys,Warehouse 3,Aisle 1,50,49.99,Supplier A,Low Stock,20/12/2022
1612,Widget B,Furniture,Warehouse 1,Aisle 4,150,NaN,Supplier B,Low Stock,NaN
1942,Gadget Z,Furniture,Warehouse 3,Aisle 1,100,19.99,Supplier C,Low Stock,NaN
1461,Widget C,Electronics,Warehouse 1,Aisle 2,100,9.99,Supplier A,Low Stock,20/12/2022
1642,Widget C,Electronics,Warehouse 3,Aisle 4,300,29.99,Supplier D,Low Stock,NaN
1768,Widget C,Furniture,Warehouse 1,Aisle 1,100,NaN,Supplier B,Low Stock,15/01/2023
1004,Gadget Z,Clothing,Warehouse 1,Aisle 3,50,19.99,Supplier B,Out Of Stock,NaN
1217,Widget C,Clothing,Warehouse 3,Aisle 3,50,29.99,Supplier D,Low Stock,NaN
1502,Gadget X,Toys,Warehouse 1,Aisle 2,200,29.99,Supplier A,In Stock,20/12/2022
1766,Gadget Y,Clothing,Warehouse 1,Aisle 4,200,49.99,Supplier C,Out Of Stock,15/01/2023
1397,Widget B,Electronics,Warehouse 1,Aisle 4,100,29.99,Supplier A,In Stock,05/03/2023
1870,Widget B,Electronics,Warehouse 3,Aisle 4,150,19.99,Supplier D,Low Stock,05/03/2023
1794,Gadget Z,Clothing,Warehouse 3,Aisle 2,200,19.99,Supplier B,In Stock,25/04/2023
1392,Widget C,Electronics,Warehouse 1,Aisle 4,200,NaN,Supplier C,Low Stock,NaN
1206,Widget C,Furniture,Warehouse 1,Aisle 3,50,NaN,Supplier B,Low Stock,NaN
1014,Widget A,Furniture,Warehouse 3,Aisle 1,150,NaN,Supplier D,Out Of Stock,15/01/2023
1857,Gadget Y,Clothing,Warehouse 3,Aisle 3,300,29.99,Supplier A,Out Of Stock,05/03/2023
1553,Gadget X,Furniture,Warehouse 1,Aisle 3,100,29.99,Supplier C,Low Stock,25/04/2023
1891,Widget B,Furniture,Warehouse 1,Aisle 1,200,49.99,Supplier B,Out Of Stock,15/01/2023
1460,Widget A,Toys,Warehouse 1,Aisle 3,150,NaN,Supplier B,In Stock,NaN
1690,Widget A,Toys,Warehouse 2,Aisle 2,150,9.99,Supplier B,Out Of Stock,05/03/2023
1574,Gadget Z,Furniture,Warehouse 3,Aisle 1,100,49.99,Supplier A,Out Of Stock,25/04/2023
1863,Widget B,Clothing,Warehouse 2,Aisle 3,150,9.99,Supplier C,In Stock,20/12/2022
1742,Gadget Z,Toys,Warehouse 3,Aisle 5,150,29.99,Supplier A,Out Of Stock,05/03/2023
1240,Gadget X,Electronics,Warehouse 3,Aisle 3,150,49.99,Supplier A,Low Stock,25/04/2023
1563,Widget A,Electronics,Warehouse 3,Aisle 2,200,49.99,Supplier A,In Stock,15/01/2023
1095,Widget A,Electronics,Warehouse 3,Aisle 4,100,19.99,Supplier D,Low Stock,20/12/2022
1899,Gadget Y,Clothing,Warehouse 3,Aisle 3,150,29.99,Supplier D,In Stock,25/04/2023
1733,Gadget X,Furniture,Warehouse 3,Aisle 4,150,29.99,Supplier D,Low Stock,25/04/2023
1484,Widget A,Electronics,Warehouse 3,Aisle 5,200,49.99,Supplier C,Low Stock,NaN
1406,Gadget X,Clothing,Warehouse 2,Aisle 3,100,29.99,Supplier A,Out Of Stock,05/03/2023
1230,Widget B,Toys,Warehouse 1,Aisle 1,50,49.99,Supplier A,Low Stock,NaN
1748,Widget C,Furniture,Warehouse 1,Aisle 4,200,19.99,Supplier D,Out Of Stock,20/12/2022
1654,Widget A,Toys,Warehouse 2,Aisle 5,100,49.99,Supplier A,In Stock,25/04/2023
1170,Gadget Y,Clothing,Warehouse 2,Aisle 1,150,29.99,Supplier A,Low Stock,NaN
1540,Widget B,Electronics,Warehouse 2,Aisle 1,100,29.99,Supplier B,Low Stock,05/03/2023
1035,Gadget X,Electronics,Warehouse 2,Aisle 1,100,49.99,Supplier A,In Stock,20/12/2022
1524,Gadget Z,Clothing,Warehouse 3,Aisle 1,300,49.99,Supplier B,In Stock,15/01/2023
1159,Widget B,Electronics,Warehouse 1,Aisle 3,100,49.99,Supplier A,Low Stock,NaN
1838,Widget A,Furniture,Warehouse 3,Aisle 3,50,NaN,Supplier C,In Stock,20/12/2022
1698,Gadget X,Clothing,Warehouse 1,Aisle 3,100,29.99,Supplier D,Out Of Stock,15/01/2023
1242,Widget C,Toys,Warehouse 1,Aisle 5,50,29.99,Supplier B,In Stock,NaN
1085,Widget B,Clothing,Warehouse 2,Aisle 5,150,NaN,Supplier D,In Stock,20/12/2022
1795,Widget A,Furniture,Warehouse 3,Aisle 5,50,49.99,Supplier B,Low Stock,20/12/2022
1577,Gadget Y,Furniture,Warehouse 2,Aisle 2,150,19.99,Supplier B,Out Of Stock,NaN
1681,Gadget Z,Clothing,Warehouse 3,Aisle 5,150,49.99,Supplier B,In Stock,20/12/2022
1556,Gadget X,Clothing,Warehouse 1,Aisle 3,50,49.99,Supplier C,Out Of Stock,25/04/2023
1573,Widget B,Electronics,Warehouse 2,Aisle 3,200,NaN,Supplier A,Out Of Stock,NaN
1952,Widget B,Furniture,Warehouse 2,Aisle 2,NaN,29.99,Supplier B,Out Of Stock,20/12/2022
1645,Widget C,Clothing,Warehouse 1,Aisle 2,100,49.99,Supplier C,Low Stock,15/01/2023
1795,Widget C,Clothing,Warehouse 1,Aisle 5,300,29.99,Supplier B,In Stock,15/01/2023
1027,Gadget Y,Furniture,Warehouse 1,Aisle 4,NaN,9.99,Supplier A,Low Stock,25/04/2023
1619,Gadget Z,Clothing,Warehouse 2,Aisle 2,100,29.99,Supplier B,In Stock,NaN
1555,Gadget Y,Electronics,Warehouse 3,Aisle 1,100,19.99,Supplier C,In Stock,20/12/2022
1339,Widget A,Furniture,Warehouse 2,Aisle 3,150,19.99,Supplier A,Low Stock,20/12/2022
1797,Widget A,Electronics,Warehouse 3,Aisle 1,100,49.99,Supplier C,Out Of Stock,15/01/2023
1957,Gadget Y,Electronics,Warehouse 2,Aisle 3,300,29.99,Supplier A,Out Of Stock,25/04/2023
1330,Gadget Z,Electronics,Warehouse 2,Aisle 3,100,49.99,Supplier A,In Stock,15/01/2023
1639,Gadget Y,Electronics,Warehouse 1,Aisle 2,50,NaN,Supplier D,Low Stock,15/01/2023
1505,Gadget Z,Furniture,Warehouse 3,Aisle 2,NaN,19.99,Supplier D,Out Of Stock,25/04/2023
1347,Gadget Z,Electronics,Warehouse 2,Aisle 1,50,49.99,Supplier D,Out Of Stock,NaN
1472,Gadget X,Electronics,Warehouse 2,Aisle 3,300,NaN,Supplier A,In Stock,20/12/2022
1230,Gadget Z,Clothing,Warehouse 1,Aisle 1,100,49.99,Supplier B,In Stock,NaN
1189,Widget C,Furniture,Warehouse 1,Aisle 4,300,29.99,Supplier C,Low Stock,05/03/2023
1224,Gadget Z,Furniture,Warehouse 3,Aisle 1,150,29.99,Supplier C,In Stock,05/03/2023
1384,Gadget Z,Toys,Warehouse 2,Aisle 5,50,29.99,Supplier C,Out Of Stock,05/03/2023
1376,Gadget Z,Furniture,Warehouse 3,Aisle 1,50,29.99,Supplier D,Out Of Stock,25/04/2023
1282,Widget A,Furniture,Warehouse 2,Aisle 5,200,9.99,Supplier A,Out Of Stock,15/01/2023
1957,Widget C,Toys,Warehouse 3,Aisle 5,100,NaN,Supplier D,Out Of Stock,NaN
1632,Widget C,Furniture,Warehouse 1,Aisle 5,150,NaN,Supplier B,Low Stock,20/12/2022
1627,Gadget Y,Furniture,Warehouse 2,Aisle 4,50,29.99,Supplier A,Low Stock,05/03/2023
1972,Gadget X,Furniture,Warehouse 3,Aisle 1,50,9.99,Supplier C,In Stock,NaN
1744,Gadget Z,Furniture,Warehouse 1,Aisle 1,150,29.99,Supplier D,In Stock,05/03/2023
1258,Widget B,Toys,Warehouse 1,Aisle 4,300,9.99,Supplier D,In Stock,05/03/2023
1358,Gadget X,Furniture,Warehouse 3,Aisle 3,300,29.99,Supplier B,Low Stock,20/12/2022
1709,Gadget X,Furniture,Warehouse 2,Aisle 2,100,19.99,Supplier B,Out Of Stock,25/04/2023
1455,Widget C,Toys,Warehouse 2,Aisle 1,200,19.99,Supplier D,In Stock,15/01/2023
1410,Gadget X,Clothing,Warehouse 1,Aisle 2,50,49.99,Supplier B,Out Of Stock,25/04/2023
1648,Gadget Z,Electronics,Warehouse 2,Aisle 4,200,29.99,Supplier C,In Stock,NaN
1317,Gadget Z,Clothing,Warehouse 2,Aisle 3,300,NaN,Supplier B,In Stock,25/04/2023
1676,Widget A,Toys,Warehouse 2,Aisle 3,300,49.99,Supplier B,In Stock,NaN
1224,Gadget Z,Electronics,Warehouse 1,Aisle 3,NaN,19.99,Supplier D,In Stock,NaN
1818,Gadget Z,Toys,Warehouse 3,Aisle 4,100,29.99,Supplier D,In Stock,15/01/2023
1233,Widget C,Toys,Warehouse 2,Aisle 5,NaN,49.99,Supplier A,Out Of Stock,20/12/2022
1683,Gadget Z,Furniture,Warehouse 1,Aisle 5,NaN,29.99,Supplier A,In Stock,15/01/2023
1663,Widget A,Electronics,Warehouse 1,Aisle 2,NaN,19.99,Supplier D,Out Of Stock,25/04/2023
1974,Widget B,Furniture,Warehouse 3,Aisle 5,100,49.99,Supplier B,Low Stock,NaN
1826,Widget C,Electronics,Warehouse 2,Aisle 5,100,19.99,Supplier B,In Stock,05/03/2023
1373,Widget B,Toys,Warehouse 2,Aisle 3,150,9.99,Supplier A,Out Of Stock,05/03/2023
1671,Widget C,Toys,Warehouse 3,Aisle 3,200,19.99,Supplier A,Low Stock,NaN
1607,Gadget Y,Clothing,Warehouse 3,Aisle 2,200,29.99,Supplier A,Low Stock,15/01/2023
1471,Gadget X,Electronics,Warehouse 1,Aisle 1,150,NaN,Supplier C,Low Stock,20/12/2022
1232,Gadget Y,Furniture,Warehouse 1,Aisle 2,150,19.99,Supplier C,Out Of Stock,15/01/2023
1691,Gadget Z,Clothing,Warehouse 3,Aisle 2,300,NaN,Supplier A,In Stock,NaN
1112,Widget B,Clothing,Warehouse 2,Aisle 4,NaN,9.99,Supplier B,In Stock,NaN
1829,Gadget Z,Clothing,Warehouse 1,Aisle 4,150,49.99,Supplier A,Out Of Stock,20/12/2022
1496,Gadget X,Furniture,Warehouse 1,Aisle 2,50,49.99,Supplier C,In Stock,25/04/2023
1441,Widget C,Clothing,Warehouse 2,Aisle 2,200,NaN,Supplier B,Out Of Stock,25/04/2023
1563,Gadget X,Furniture,Warehouse 1,Aisle 2,150,49.99,Supplier C,In Stock,20/12/2022
1267,Widget A,Clothing,Warehouse 2,Aisle 5,50,19.99,Supplier B,Low Stock,25/04/2023
1509,Gadget X,Furniture,Warehouse 2,Aisle 4,50,NaN,Supplier C,In Stock,05/03/2023
1806,Widget A,Toys,Warehouse 2,Aisle 2,50,29.99,Supplier B,Out Of Stock,25/04/2023
1385,Gadget X,Toys,Warehouse 3,Aisle 3,300,19.99,Supplier B,Out Of Stock,25/04/2023
1386,Widget A,Toys,Warehouse 3,Aisle 3,300,19.99,Supplier B,Low Stock,25/04/2023
1112,Widget B,Toys,Warehouse 3,Aisle 5,50,19.99,Supplier B,Out Of Stock,05/03/2023
1612,Gadget Z,Toys,Warehouse 2,Aisle 5,300,29.99,Supplier D,In Stock,25/04/2023
1624,Gadget Z,Clothing,Warehouse 2,Aisle 1,NaN,9.99,Supplier C,In Stock,05/03/2023
1951,Gadget Y,Clothing,Warehouse 3,Aisle 1,50,49.99,Supplier C,Low Stock,20/12/2022
1080,Gadget Z,Clothing,Warehouse 1,Aisle 1,NaN,NaN,Supplier D,Out Of Stock,15/01/2023
1698,Widget C,Furniture,Warehouse 2,Aisle 5,NaN,9.99,Supplier B,Low Stock,20/12/2022
1112,Gadget X,Furniture,Warehouse 1,Aisle 5,50,NaN,Supplier B,In Stock,15/01/2023
1001,Gadget Y,Furniture,Warehouse 1,Aisle 5,200,49.99,Supplier C,Low Stock,20/12/2022
1641,Widget C,Furniture,Warehouse 2,Aisle 3,50,29.99,Supplier D,Out Of Stock,15/01/2023
1219,Widget C,Toys,Warehouse 2,Aisle 5,50,19.99,Supplier B,Low Stock,15/01/2023
1565,Widget A,Toys,Warehouse 1,Aisle 3,300,19.99,Supplier B,Out Of Stock,NaN
1854,Gadget Z,Toys,Warehouse 1,Aisle 1,50,29.99,Supplier B,Out Of Stock,15/01/2023
1996,Widget B,Electronics,Warehouse 3,Aisle 1,200,9.99,Supplier A,In Stock,15/01/2023
1735,Widget B,Clothing,Warehouse 3,Aisle 1,300,9.99,Supplier D,In Stock,NaN
1224,Gadget Y,Furniture,Warehouse 2,Aisle 2,100,NaN,Supplier B,In Stock,25/04/2023
1384,Widget B,Furniture,Warehouse 3,Aisle 2,100,29.99,Supplier A,Out Of Stock,25/04/2023
1402,Gadget X,Toys,Warehouse 3,Aisle 4,NaN,9.99,Supplier D,Low Stock,NaN
1637,Widget B,Furniture,Warehouse 3,Aisle 4,NaN,29.99,Supplier B,Out Of Stock,05/03/2023
1129,Gadget Y,Furniture,Warehouse 3,Aisle 4,200,49.99,Supplier C,In Stock,15/01/2023
1052,Widget B,Clothing,Warehouse 1,Aisle 2,150,19.99,Supplier A,In Stock,15/01/2023
1683,Gadget X,Toys,Warehouse 2,Aisle 2,100,19.99,Supplier A,Low Stock,NaN
1729,Widget A,Clothing,Warehouse 3,Aisle 4,NaN,19.99,Supplier B,In Stock,NaN
1671,Gadget Y,Electronics,Warehouse 1,Aisle 4,100,29.99,Supplier B,In Stock,05/03/2023
1709,Widget A,Electronics,Warehouse 1,Aisle 5,200,29.99,Supplier A,In Stock,25/04/2023
1415,Widget A,Electronics,Warehouse 1,Aisle 4,200,NaN,Supplier C,Low Stock,20/12/2022
1246,Widget A,Toys,Warehouse 3,Aisle 5,150,19.99,Supplier C,Out Of Stock,25/04/2023
1835,Widget C,Furniture,Warehouse 3,Aisle 3,150,NaN,Supplier D,In Stock,15/01/2023
1438,Gadget Z,Toys,Warehouse 2,Aisle 2,300,19.99,Supplier B,Low Stock,NaN
1202,Widget C,Toys,Warehouse 3,Aisle 4,200,NaN,Supplier C,In Stock,05/03/2023
1183,Gadget Z,Furniture,Warehouse 3,Aisle 2,NaN,NaN,Supplier D,Low Stock,25/04/2023
1122,Widget A,Clothing,Warehouse 1,Aisle 2,100,49.99,Supplier C,In Stock,05/03/2023
1400,Gadget Y,Electronics,Warehouse 2,Aisle 2,50,NaN,Supplier B,Low Stock,25/04/2023
1766,Gadget Z,Clothing,Warehouse 3,Aisle 3,150,29.99,Supplier D,In Stock,15/01/2023
1293,Gadget X,Electronics,Warehouse 3,Aisle 1,50,NaN,Supplier D,Out Of Stock,20/12/2022
1279,Gadget X,Toys,Warehouse 1,Aisle 4,NaN,19.99,Supplier D,In Stock,05/03/2023
1836,Widget B,Electronics,Warehouse 1,Aisle 1,150,NaN,Supplier C,Low Stock,05/03/2023
1883,Gadget Z,Toys,Warehouse 3,Aisle 1,50,9.99,Supplier B,In Stock,20/12/2022
1609,Gadget Y,Clothing,Warehouse 2,Aisle 1,NaN,19.99,Supplier D,Out Of Stock,05/03/2023
1197,Widget C,Toys,Warehouse 2,Aisle 2,100,9.99,Supplier A,In Stock,05/03/2023
1981,Widget A,Clothing,Warehouse 1,Aisle 5,NaN,19.99,Supplier B,Low Stock,25/04/2023
1906,Widget B,Furniture,Warehouse 1,Aisle 2,300,29.99,Supplier A,Low Stock,25/04/2023
1510,Gadget X,Furniture,Warehouse 3,Aisle 2,150,29.99,Supplier A,Out Of Stock,20/12/2022
1751,Widget C,Furniture,Warehouse 1,Aisle 1,200,29.99,Supplier D,Low Stock,15/01/2023
1143,Widget C,Toys,Warehouse 3,Aisle 2,100,9.99,Supplier D,In Stock,05/03/2023
1608,Widget A,Furniture,Warehouse 2,Aisle 1,50,49.99,Supplier C,In Stock,15/01/2023
1200,Gadget Z,Electronics,Warehouse 2,Aisle 5,150,19.99,Supplier C,In Stock,20/12/2022
1123,Gadget X,Clothing,Warehouse 3,Aisle 4,200,29.99,Supplier C,Low Stock,20/12/2022
1186,Gadget Y,Clothing,Warehouse 1,Aisle 1,NaN,19.99,Supplier B,In Stock,25/04/2023
1325,Widget C,Electronics,Warehouse 2,Aisle 5,200,9.99,Supplier C,In Stock,05/03/2023
1463,Widget A,Toys,Warehouse 1,Aisle 4,150,49.99,Supplier A,In Stock,NaN
1348,Gadget Y,Toys,Warehouse 2,Aisle 3,150,9.99,Supplier C,Out Of Stock,20/12/2022
1770,Gadget Z,Clothing,Warehouse 3,Aisle 1,300,19.99,Supplier D,Low Stock,05/03/2023
1659,Gadget X,Furniture,Warehouse 3,Aisle 1,300,49.99,Supplier C,Low Stock,15/01/2023
1763,Gadget Z,Toys,Warehouse 3,Aisle 3,200,49.99,Supplier B,Low Stock,25/04/2023
1954,Widget C,Toys,Warehouse 2,Aisle 3,NaN,9.99,Supplier B,Out Of Stock,15/01/2023
1931,Gadget Y,Electronics,Warehouse 1,Aisle 1,200,29.99,Supplier A,Low Stock,20/12/2022
1402,Gadget Y,Electronics,Warehouse 1,Aisle 3,150,19.99,Supplier B,Out Of Stock,20/12/2022
1345,Gadget Y,Furniture,Warehouse 1,Aisle 2,150,NaN,Supplier C,Out Of Stock,15/01/2023
1962,Widget C,Toys,Warehouse 2,Aisle 4,50,NaN,Supplier D,Low Stock,20/12/2022
1510,Widget C,Toys,Warehouse 2,Aisle 4,300,9.99,Supplier B,In Stock,05/03/2023
1146,Gadget Z,Electronics,Warehouse 2,Aisle 4,50,19.99,Supplier A,In Stock,20/12/2022
1147,Widget B,Toys,Warehouse 2,Aisle 2,100,19.99,Supplier C,Low Stock,25/04/2023
1863,Gadget Z,Clothing,Warehouse 2,Aisle 3,150,9.99,Supplier A,Low Stock,05/03/2023
1710,Gadget X,Electronics,Warehouse 1,Aisle 5,50,19.99,Supplier B,Out Of Stock,NaN
1819,Widget A,Furniture,Warehouse 2,Aisle 3,200,29.99,Supplier B,Low Stock,20/12/2022
1488,Gadget Y,Electronics,Warehouse 2,Aisle 1,300,9.99,Supplier A,Out Of Stock,20/12/2022
1928,Widget B,Toys,Warehouse 1,Aisle 4,300,29.99,Supplier C,Low Stock,25/04/2023
1935,Widget A,Furniture,Warehouse 2,Aisle 3,NaN,19.99,Supplier B,In Stock,25/04/2023
1639,Widget B,Electronics,Warehouse 1,Aisle 5,200,9.99,Supplier D,In Stock,15/01/2023
1550,Gadget Z,Clothing,Warehouse 1,Aisle 1,NaN,19.99,Supplier B,Low Stock,15/01/2023
1337,Widget C,Clothing,Warehouse 3,Aisle 2,50,9.99,Supplier C,Out Of Stock,15/01/2023
1871,Gadget Y,Electronics,Warehouse 3,Aisle 2,100,19.99,Supplier B,In Stock,25/04/2023
1640,Gadget Z,Clothing,Warehouse 3,Aisle 5,200,29.99,Supplier A,Out Of Stock,15/01/2023
1778,Widget A,Clothing,Warehouse 3,Aisle 1,200,29.99,Supplier B,Low Stock,15/01/2023
1987,Widget A,Clothing,Warehouse 2,Aisle 4,200,19.99,Supplier B,Low Stock,NaN
1952,Widget A,Furniture,Warehouse 3,Aisle 3,NaN,9.99,Supplier C,In Stock,15/01/2023
1472,Widget A,Clothing,Warehouse 1,Aisle 1,50,NaN,Supplier A,Low Stock,20/12/2022
1945,Widget A,Clothing,Warehouse 2,Aisle 2,200,29.99,Supplier C,In Stock,25/04/2023
1150,Widget B,Clothing,Warehouse 3,Aisle 5,200,29.99,Supplier B,Out Of Stock,05/03/2023
1414,Gadget Z,Furniture,Warehouse 1,Aisle 5,300,NaN,Supplier D,In Stock,NaN
1989,Gadget Y,Electronics,Warehouse 2,Aisle 3,100,19.99,Supplier B,In Stock,25/04/2023
1297,Widget C,Toys,Warehouse 2,Aisle 5,300,9.99,Supplier C,Out Of Stock,25/04/2023
1610,Widget C,Clothing,Warehouse 3,Aisle 5,300,19.99,Supplier D,In Stock,20/12/2022
1262,Gadget Z,Electronics,Warehouse 2,Aisle 1,100,49.99,Supplier C,In Stock,15/01/2023
1763,Gadget Z,Clothing,Warehouse 1,Aisle 4,50,29.99,Supplier C,Low Stock,20/12/2022
1143,Widget C,Furniture,Warehouse 2,Aisle 3,300,49.99,Supplier A,Out Of Stock,15/01/2023
1345,Widget C,Electronics,Warehouse 1,Aisle 1,50,29.99,Supplier D,In Stock,15/01/2023
1623,Widget B,Furniture,Warehouse 2,Aisle 4,300,29.99,Supplier B,Out Of Stock,25/04/2023
1571,Gadget X,Clothing,Warehouse 3,Aisle 1,150,49.99,Supplier C,Out Of Stock,15/01/2023
1880,Gadget Y,Clothing,Warehouse 1,Aisle 1,100,49.99,Supplier B,In Stock,NaN
1001,Widget A,Furniture,Warehouse 2,Aisle 5,300,19.99,Supplier A,Low Stock,NaN
1896,Gadget X,Toys,Warehouse 2,Aisle 4,150,49.99,Supplier A,Out Of Stock,NaN
1303,Gadget Z,Furniture,Warehouse 2,Aisle 3,NaN,19.99,Supplier D,In Stock,25/04/2023
1253,Widget C,Clothing,Warehouse 1,Aisle 3,150,19.99,Supplier A,Out Of Stock,20/12/2022
1651,Gadget X,Furniture,Warehouse 1,Aisle 4,200,19.99,Supplier A,Low Stock,05/03/2023
1452,Gadget Y,Toys,Warehouse 1,Aisle 5,300,29.99,Supplier B,Low Stock,15/01/2023
1036,Gadget Z,Furniture,Warehouse 3,Aisle 2,150,29.99,Supplier A,Low Stock,05/03/2023
1159,Widget A,Toys,Warehouse 3,Aisle 1,50,49.99,Supplier A,In Stock,20/12/2022
1008,Widget A,Toys,Warehouse 1,Aisle 5,NaN,29.99,Supplier C,In Stock,20/12/2022
1232,Gadget Y,Furniture,Warehouse 2,Aisle 4,300,49.99,Supplier A,Low Stock,25/04/2023
1098,Gadget Y,Furniture,Warehouse 3,Aisle 1,200,29.99,Supplier C,In Stock,NaN
1658,Widget C,Electronics,Warehouse 1,Aisle 3,150,9.99,Supplier A,Low Stock,NaN
1815,Widget A,Clothing,Warehouse 2,Aisle 2,NaN,9.99,Supplier A,In Stock,20/12/2022
1207,Gadget Z,Toys,Warehouse 3,Aisle 3,300,49.99,Supplier D,Low Stock,25/04/2023
1130,Gadget X,Electronics,Warehouse 2,Aisle 4,NaN,29.99,Supplier D,Out Of Stock,25/04/2023
1403,Gadget Z,Furniture,Warehouse 2,Aisle 1,200,29.99,Supplier C,Low Stock,15/01/2023
1151,Widget B,Clothing,Warehouse 2,Aisle 4,150,19.99,Supplier A,Low Stock,NaN
1053,Widget B,Electronics,Warehouse 2,Aisle 1,NaN,NaN,Supplier B,In Stock,20/12/2022
1119,Gadget Y,Toys,Warehouse 3,Aisle 5,NaN,49.99,Supplier D,In Stock,05/03/2023
1672,Widget C,Electronics,Warehouse 3,Aisle 2,100,NaN,Supplier B,In Stock,NaN
1919,Widget B,Toys,Warehouse 3,Aisle 5,NaN,NaN,Supplier D,In Stock,15/01/2023
1627,Widget A,Furniture,Warehouse 1,Aisle 5,100,49.99,Supplier D,In Stock,25/04/2023
1586,Gadget Z,Clothing,Warehouse 3,Aisle 4,150,29.99,Supplier A,In Stock,20/12/2022
1624,Gadget Z,Clothing,Warehouse 2,Aisle 2,300,49.99,Supplier D,Out Of Stock,NaN
1967,Gadget Y,Clothing,Warehouse 3,Aisle 1,300,NaN,Supplier B,Low Stock,05/03/2023
1419,Gadget X,Furniture,Warehouse 2,Aisle 1,150,29.99,Supplier D,Low Stock,15/01/2023
1421,Gadget Y,Toys,Warehouse 1,Aisle 3,150,9.99,Supplier C,Low Stock,15/01/2023
1103,Gadget X,Furniture,Warehouse 2,Aisle 1,50,49.99,Supplier A,Out Of Stock,NaN
1851,Gadget Y,Clothing,Warehouse 2,Aisle 4,150,49.99,Supplier A,Low Stock,05/03/2023
1253,Gadget Y,Furniture,Warehouse 2,Aisle 5,NaN,29.99,Supplier C,Out Of Stock,15/01/2023
1226,Gadget Y,Furniture,Warehouse 1,Aisle 5,300,9.99,Supplier C,Out Of Stock,20/12/2022
1111,Gadget X,Furniture,Warehouse 3,Aisle 5,200,9.99,Supplier C,Out Of Stock,15/01/2023
1509,Gadget X,Toys,Warehouse 3,Aisle 2,300,29.99,Supplier D,Low Stock,05/03/2023
1472,Gadget Y,Electronics,Warehouse 1,Aisle 1,100,19.99,Supplier A,Out Of Stock,25/04/2023
1098,Widget B,Electronics,Warehouse 2,Aisle 4,300,49.99,Supplier C,Low Stock,25/04/2023
1152,Widget C,Furniture,Warehouse 3,Aisle 2,50,49.99,Supplier D,Low Stock,NaN
1860,Widget C,Electronics,Warehouse 1,Aisle 3,150,NaN,Supplier C,In Stock,05/03/2023
1913,Widget C,Electronics,Warehouse 3,Aisle 4,150,29.99,Supplier B,In Stock,15/01/2023
1895,Gadget X,Furniture,Warehouse 1,Aisle 4,300,NaN,Supplier B,Out Of Stock,15/01/2023
1877,Gadget X,Furniture,Warehouse 2,Aisle 4,200,NaN,Supplier A,Out Of Stock,25/04/2023
1337,Widget B,Clothing,Warehouse 3,Aisle 5,200,9.99,Supplier D,Low Stock,25/04/2023
1705,Widget C,Electronics,Warehouse 1,Aisle 4,50,49.99,Supplier B,Out Of Stock,20/12/2022
1821,Widget C,Toys,Warehouse 3,Aisle 1,100,NaN,Supplier B,Out Of Stock,25/04/2023
1162,Gadget Y,Furniture,Warehouse 3,Aisle 4,300,9.99,Supplier D,Low Stock,20/12/2022
1719,Gadget X,Clothing,Warehouse 3,Aisle 5,150,29.99,Supplier C,Out Of Stock,15/01/2023
1956,Widget C,Toys,Warehouse 3,Aisle 4,300,NaN,Supplier D,Out Of Stock,20/12/2022
1680,Gadget Z,Electronics,Warehouse 1,Aisle 3,50,49.99,Supplier C,Low Stock,20/12/2022
1995,Widget B,Clothing,Warehouse 2,Aisle 3,NaN,NaN,Supplier B,Low Stock,NaN
1160,Gadget Z,Furniture,Warehouse 1,Aisle 5,NaN,29.99,Supplier B,In Stock,25/04/2023
1579,Gadget Z,Toys,Warehouse 1,Aisle 1,50,NaN,Supplier B,Low Stock,20/12/2022
1800,Widget B,Furniture,Warehouse 1,Aisle 1,150,49.99,Supplier A,In Stock,15/01/2023
1397,Gadget Z,Electronics,Warehouse 2,Aisle 2,50,9.99,Supplier A,Out Of Stock,05/03/2023
1276,Widget C,Toys,Warehouse 3,Aisle 5,150,49.99,Supplier A,Low Stock,20/12/2022
1815,Gadget X,Electronics,Warehouse 3,Aisle 4,200,9.99,Supplier D,Low Stock,25/04/2023
1915,Widget B,Electronics,Warehouse 3,Aisle 5,50,19.99,Supplier B,Low Stock,NaN
1503,Gadget Y,Clothing,Warehouse 2,Aisle 2,150,49.99,Supplier B,Out Of Stock,15/01/2023
1895,Gadget Z,Furniture,Warehouse 3,Aisle 5,50,49.99,Supplier D,In Stock,NaN
1391,Widget B,Toys,Warehouse 2,Aisle 5,50,29.99,Supplier A,Out Of Stock,05/03/2023
1134,Widget A,Electronics,Warehouse 3,Aisle 2,150,NaN,Supplier D,Out Of Stock,20/12/2022
1194,Widget A,Electronics,Warehouse 3,Aisle 1,150,9.99,Supplier A,Low Stock,20/12/2022
1400,Gadget X,Toys,Warehouse 1,Aisle 4,100,9.99,Supplier B,In Stock,25/04/2023
1639,Widget C,Electronics,Warehouse 2,Aisle 2,50,29.99,Supplier C,Out Of Stock,20/12/2022
1032,Gadget X,Clothing,Warehouse 1,Aisle 3,NaN,29.99,Supplier A,Low Stock,15/01/2023
1687,Gadget X,Clothing,Warehouse 1,Aisle 1,50,NaN,Supplier B,Out Of Stock,05/03/2023
1459,Gadget X,Clothing,Warehouse 1,Aisle 3,50,NaN,Supplier B,Out Of Stock,NaN
1954,Gadget X,Clothing,Warehouse 2,Aisle 1,150,49.99,Supplier C,Low Stock,05/03/2023
1882,Gadget Y,Electronics,Warehouse 2,Aisle 4,50,19.99,Supplier B,Low Stock,20/12/2022
1469,Gadget Y,Toys,Warehouse 3,Aisle 4,300,NaN,Supplier B,In Stock,NaN
1374,Widget B,Toys,Warehouse 1,Aisle 5,50,29.99,Supplier A,Out Of Stock,25/04/2023
1021,Widget A,Toys,Warehouse 3,Aisle 3,300,NaN,Supplier A,Low Stock,05/03/2023
1749,Gadget X,Toys,Warehouse 1,Aisle 1,NaN,9.99,Supplier C,Low Stock,NaN
1669,Widget B,Furniture,Warehouse 2,Aisle 4,150,19.99,Supplier C,In Stock,NaN
1037,Widget A,Toys,Warehouse 2,Aisle 2,50,49.99,Supplier B,In Stock,NaN
1229,Gadget Z,Furniture,Warehouse 2,Aisle 4,300,9.99,Supplier A,Low Stock,15/01/2023
1364,Widget C,Furniture,Warehouse 1,Aisle 2,300,9.99,Supplier C,In Stock,05/03/2023
1562,Gadget Y,Clothing,Warehouse 2,Aisle 1,300,19.99,Supplier C,Low Stock,NaN
1437,Gadget Z,Furniture,Warehouse 1,Aisle 4,200,49.99,Supplier D,Out Of Stock,05/03/2023
1775,Widget A,Electronics,Warehouse 3,Aisle 4,100,29.99,Supplier C,In Stock,NaN
1282,Gadget Z,Furniture,Warehouse 1,Aisle 1,NaN,49.99,Supplier B,Out Of Stock,25/04/2023
1026,Widget C,Clothing,Warehouse 3,Aisle 4,50,NaN,Supplier A,Out Of Stock,25/04/2023
1225,Widget A,Furniture,Warehouse 1,Aisle 2,200,9.99,Supplier C,Out Of Stock,25/04/2023
1276,Gadget Z,Electronics,Warehouse 3,Aisle 4,50,NaN,Supplier D,Low Stock,20/12/2022
1797,Gadget Y,Electronics,Warehouse 2,Aisle 3,50,29.99,Supplier A,Out Of Stock,NaN
1608,Gadget Y,Electronics,Warehouse 3,Aisle 5,150,NaN,Supplier C,Out Of Stock,20/12/2022
1283,Widget B,Clothing,Warehouse 2,Aisle 2,150,49.99,Supplier D,Out Of Stock,05/03/2023
1878,Gadget Z,Clothing,Warehouse 2,Aisle 3,150,NaN,Supplier C,Low Stock,20/12/2022
1959,Gadget X,Toys,Warehouse 3,Aisle 1,200,29.99,Supplier A,Out Of Stock,05/03/2023
1480,Gadget Z,Clothing,Warehouse 1,Aisle 2,50,29.99,Supplier A,Out Of Stock,05/03/2023
1452,Widget A,Electronics,Warehouse 1,Aisle 5,100,29.99,Supplier A,In Stock,05/03/2023
1828,Widget A,Electronics,Warehouse 1,Aisle 5,NaN,49.99,Supplier B,Low Stock,20/12/2022
1815,Gadget Z,Clothing,Warehouse 1,Aisle 1,150,29.99,Supplier C,Out Of Stock,NaN
1658,Widget C,Furniture,Warehouse 1,Aisle 1,150,9.99,Supplier B,In Stock,20/12/2022
1515,Gadget Y,Clothing,Warehouse 2,Aisle 2,50,29.99,Supplier A,Low Stock,NaN
1546,Widget A,Clothing,Warehouse 1,Aisle 4,50,NaN,Supplier D,Low Stock,NaN
1191,Gadget Y,Electronics,Warehouse 2,Aisle 1,200,NaN,Supplier C,Low Stock,05/03/2023
1048,Widget A,Toys,Warehouse 2,Aisle 4,200,NaN,Supplier B,Low Stock,20/12/2022
1511,Widget B,Electronics,Warehouse 2,Aisle 3,150,49.99,Supplier C,Low Stock,NaN
1016,Gadget X,Toys,Warehouse 3,Aisle 5,50,NaN,Supplier D,Low Stock,25/04/2023
1171,Widget A,Electronics,Warehouse 3,Aisle 4,100,49.99,Supplier B,Out Of Stock,NaN
1219,Gadget Y,Clothing,Warehouse 2,Aisle 5,NaN,49.99,Supplier A,Out Of Stock,25/04/2023
1157,Widget B,Electronics,Warehouse 3,Aisle 4,50,29.99,Supplier B,Out Of Stock,20/12/2022
1476,Widget A,Electronics,Warehouse 1,Aisle 3,50,9.99,Supplier C,Out Of Stock,20/12/2022
1045,Widget C,Electronics,Warehouse 1,Aisle 1,300,29.99,Supplier C,In Stock,20/12/2022
1372,Gadget X,Clothing,Warehouse 2,Aisle 3,200,29.99,Supplier C,Out Of Stock,NaN
1517,Widget A,Clothing,Warehouse 1,Aisle 1,NaN,49.99,Supplier C,Low Stock,15/01/2023
1098,Widget B,Clothing,Warehouse 2,Aisle 1,150,49.99,Supplier A,Out Of Stock,NaN
1891,Widget C,Clothing,Warehouse 2,Aisle 5,50,NaN,Supplier B,Out Of Stock,NaN
1744,Gadget Z,Toys,Warehouse 1,Aisle 3,150,NaN,Supplier A,Low Stock,05/03/2023
1036,Widget B,Toys,Warehouse 3,Aisle 4,50,29.99,Supplier A,Out Of Stock,05/03/2023
1279,Widget B,Furniture,Warehouse 1,Aisle 3,150,19.99,Supplier A,Out Of Stock,NaN
1348,Widget C,Clothing,Warehouse 1,Aisle 5,NaN,19.99,Supplier C,Out Of Stock,25/04/2023
1496,Widget B,Toys,Warehouse 2,Aisle 1,200,NaN,Supplier C,In Stock,05/03/2023
1301,Widget C,Electronics,Warehouse 2,Aisle 5,NaN,19.99,Supplier C,Out Of Stock,NaN
1180,Widget A,Clothing,Warehouse 2,Aisle 2,300,NaN,Supplier B,Low Stock,15/01/2023
1606,Widget C,Furniture,Warehouse 2,Aisle 2,100,49.99,Supplier D,Low Stock,25/04/2023
1098,Widget C,Furniture,Warehouse 3,Aisle 4,200,29.99,Supplier C,Out Of Stock,20/12/2022
1699,Gadget X,Furniture,Warehouse 3,Aisle 5,NaN,9.99,Supplier B,Out Of Stock,NaN
1992,Widget C,Electronics,Warehouse 3,Aisle 4,300,29.99,Supplier C,Out Of Stock,NaN
1115,Widget C,Toys,Warehouse 2,Aisle 4,100,NaN,Supplier C,Low Stock,25/04/2023
1190,Gadget Z,Electronics,Warehouse 2,Aisle 2,300,NaN,Supplier A,Low Stock,05/03/2023
1252,Widget A,Clothing,Warehouse 2,Aisle 4,50,29.99,Supplier A,In Stock,05/03/2023
1980,Gadget X,Furniture,Warehouse 3,Aisle 2,50,NaN,Supplier A,In Stock,05/03/2023
1927,Gadget Z,Electronics,Warehouse 2,Aisle 1,150,19.99,Supplier B,In Stock,20/12/2022
1982,Gadget Y,Electronics,Warehouse 1,Aisle 5,200,19.99,Supplier D,Low Stock,25/04/2023
1160,Widget A,Toys,Warehouse 1,Aisle 4,50,NaN,Supplier D,In Stock,25/04/2023
1255,Widget A,Toys,Warehouse 2,Aisle 2,300,NaN,Supplier B,Out Of Stock,05/03/2023
1322,Gadget Y,Furniture,Warehouse 1,Aisle 3,200,19.99,Supplier C,Out Of Stock,05/03/2023
1127,Widget C,Electronics,Warehouse 1,Aisle 4,50,NaN,Supplier B,Low Stock,15/01/2023
1017,Gadget Z,Electronics,Warehouse 3,Aisle 1,150,NaN,Supplier C,In Stock,15/01/2023
1792,Widget B,Toys,Warehouse 2,Aisle 1,NaN,29.99,Supplier B,Out Of Stock,NaN
1734,Gadget X,Electronics,Warehouse 2,Aisle 3,150,9.99,Supplier B,Low Stock,NaN
1565,Widget B,Electronics,Warehouse 3,Aisle 2,100,19.99,Supplier B,In Stock,25/04/2023
1569,Gadget Y,Electronics,Warehouse 1,Aisle 4,50,29.99,Supplier D,Out Of Stock,25/04/2023
1322,Widget A,Toys,Warehouse 1,Aisle 2,100,9.99,Supplier A,In Stock,20/12/2022
1871,Widget A,Furniture,Warehouse 2,Aisle 1,100,NaN,Supplier B,Low Stock,20/12/2022
1685,Gadget X,Clothing,Warehouse 1,Aisle 2,300,NaN,Supplier D,In Stock,15/01/2023
1791,Widget A,Furniture,Warehouse 3,Aisle 1,200,29.99,Supplier A,Low Stock,NaN
1625,Widget A,Clothing,Warehouse 3,Aisle 2,300,NaN,Supplier A,In Stock,15/01/2023
1287,Gadget X,Electronics,Warehouse 2,Aisle 3,50,49.99,Supplier B,Out Of Stock,15/01/2023
1942,Gadget Z,Furniture,Warehouse 3,Aisle 5,100,29.99,Supplier C,Low Stock,NaN
1853,Gadget Z,Clothing,Warehouse 3,Aisle 3,NaN,9.99,Supplier C,Low Stock,20/12/2022
1662,Gadget X,Toys,Warehouse 2,Aisle 3,100,29.99,Supplier C,Low Stock,NaN
1961,Gadget Y,Toys,Warehouse 3,Aisle 5,NaN,19.99,Supplier B,In Stock,05/03/2023
1638,Widget A,Furniture,Warehouse 3,Aisle 5,300,29.99,Supplier C,In Stock,05/03/2023
1154,Widget A,Furniture,Warehouse 3,Aisle 4,300,NaN,Supplier D,Out Of Stock,05/03/2023
1489,Gadget Y,Electronics,Warehouse 1,Aisle 4,200,NaN,Supplier D,Low Stock,25/04/2023
1385,Gadget Z,Furniture,Warehouse 2,Aisle 3,100,49.99,Supplier D,Low Stock,20/12/2022
1985,Widget C,Electronics,Warehouse 2,Aisle 3,150,49.99,Supplier D,In Stock,20/12/2022
1784,Widget C,Electronics,Warehouse 2,Aisle 1,300,49.99,Supplier A,In Stock,25/04/2023
1103,Widget C,Toys,Warehouse 1,Aisle 1,300,9.99,Supplier D,Out Of Stock,15/01/2023
1928,Gadget Z,Toys,Warehouse 1,Aisle 4,200,49.99,Supplier C,Out Of Stock,05/03/2023
1392,Gadget Z,Clothing,Warehouse 2,Aisle 4,NaN,9.99,Supplier B,In Stock,05/03/2023
1810,Gadget Y,Toys,Warehouse 1,Aisle 1,200,49.99,Supplier C,Low Stock,15/01/2023
1245,Widget A,Toys,Warehouse 2,Aisle 1,100,9.99,Supplier D,Out Of Stock,NaN
1175,Gadget Y,Furniture,Warehouse 1,Aisle 2,50,29.99,Supplier A,In Stock,NaN
1038,Gadget Y,Toys,Warehouse 3,Aisle 2,50,29.99,Supplier D,In Stock,20/12/2022
1476,Gadget Z,Clothing,Warehouse 3,Aisle 1,NaN,NaN,Supplier B,Low Stock,25/04/2023
1681,Widget C,Furniture,Warehouse 2,Aisle 2,300,9.99,Supplier C,In Stock,20/12/2022
1758,Widget B,Clothing,Warehouse 1,Aisle 5,NaN,19.99,Supplier B,In Stock,NaN
1537,Widget A,Toys,Warehouse 1,Aisle 4,300,NaN,Supplier B,Out Of Stock,15/01/2023
1866,Gadget Z,Clothing,Warehouse 3,Aisle 4,300,29.99,Supplier B,In Stock,20/12/2022
1817,Widget C,Furniture,Warehouse 3,Aisle 1,50,9.99,Supplier C,In Stock,05/03/2023
1920,Widget B,Electronics,Warehouse 1,Aisle 3,NaN,49.99,Supplier D,Out Of Stock,05/03/2023
1407,Widget B,Clothing,Warehouse 1,Aisle 1,200,19.99,Supplier B,Low Stock,15/01/2023
1524,Gadget Z,Clothing,Warehouse 1,Aisle 2,300,29.99,Supplier C,Low Stock,NaN
1827,Gadget X,Furniture,Warehouse 1,Aisle 3,150,NaN,Supplier A,Out Of Stock,05/03/2023
1505,Widget A,Furniture,Warehouse 1,Aisle 2,150,9.99,Supplier C,Out Of Stock,05/03/2023
1902,Widget B,Clothing,Warehouse 1,Aisle 5,200,19.99,Supplier A,Low Stock,25/04/2023
1824,Gadget Z,Toys,Warehouse 2,Aisle 2,150,9.99,Supplier C,Low Stock,20/12/2022
1035,Gadget Z,Clothing,Warehouse 1,Aisle 5,100,49.99,Supplier D,Low Stock,NaN
1684,Widget C,Furniture,Warehouse 3,Aisle 5,300,NaN,Supplier B,Low Stock,20/12/2022
1019,Gadget X,Electronics,Warehouse 2,Aisle 2,200,9.99,Supplier D,Low Stock,NaN
1320,Widget A,Electronics,Warehouse 1,Aisle 2,NaN,29.99,Supplier C,Out Of Stock,05/03/2023
1775,Gadget Y,Toys,Warehouse 3,Aisle 5,300,NaN,Supplier B,In Stock,25/04/2023
1511,Widget C,Clothing,Warehouse 2,Aisle 3,200,29.99,Supplier A,Low Stock,20/12/2022
1399,Widget B,Electronics,Warehouse 3,Aisle 5,50,9.99,Supplier C,Low Stock,05/03/2023
1653,Widget B,Clothing,Warehouse 1,Aisle 4,NaN,NaN,Supplier B,In Stock,NaN
1971,Widget C,Furniture,Warehouse 1,Aisle 5,50,29.99,Supplier A,In Stock,20/12/2022
1882,Gadget Z,Electronics,Warehouse 1,Aisle 3,300,49.99,Supplier A,In Stock,20/12/2022
1470,Widget B,Toys,Warehouse 1,Aisle 4,NaN,49.99,Supplier D,In Stock,05/03/2023
1142,Gadget X,Furniture,Warehouse 2,Aisle 1,150,9.99,Supplier C,In Stock,20/12/2022
1091,Widget A,Toys,Warehouse 2,Aisle 1,200,NaN,Supplier A,In Stock,25/04/2023
1353,Gadget X,Furniture,Warehouse 3,Aisle 3,300,19.99,Supplier B,Out Of Stock,25/04/2023
1833,Widget B,Electronics,Warehouse 1,Aisle 5,100,NaN,Supplier A,In Stock,05/03/2023
1799,Gadget Y,Toys,Warehouse 3,Aisle 2,NaN,49.99,Supplier A,In Stock,NaN
1726,Widget A,Toys,Warehouse 2,Aisle 3,NaN,29.99,Supplier D,Out Of Stock,05/03/2023
1958,Widget A,Furniture,Warehouse 1,Aisle 4,300,19.99,Supplier D,In Stock,25/04/2023
1853,Widget C,Toys,Warehouse 1,Aisle 4,300,9.99,Supplier B,Low Stock,15/01/2023
1050,Widget C,Furniture,Warehouse 2,Aisle 1,50,19.99,Supplier D,Low Stock,15/01/2023
1664,Gadget Y,Furniture,Warehouse 2,Aisle 4,150,9.99,Supplier A,In Stock,20/12/2022
1697,Gadget Z,Furniture,Warehouse 2,Aisle 3,50,19.99,Supplier A,Out Of Stock,20/12/2022
1574,Widget A,Furniture,Warehouse 2,Aisle 4,50,9.99,Supplier D,Low Stock,15/01/2023
1189,Gadget Y,Electronics,Warehouse 2,Aisle 3,150,9.99,Supplier A,Out Of Stock,25/04/2023
1124,Widget C,Furniture,Warehouse 1,Aisle 2,100,19.99,Supplier A,Low Stock,20/12/2022
1149,Widget C,Clothing,Warehouse 2,Aisle 1,50,19.99,Supplier B,In Stock,05/03/2023
1313,Widget A,Toys,Warehouse 1,Aisle 4,50,9.99,Supplier D,Out Of Stock,05/03/2023
1569,Gadget X,Clothing,Warehouse 1,Aisle 3,NaN,49.99,Supplier A,Out Of Stock,25/04/2023
1341,Widget B,Electronics,Warehouse 2,Aisle 5,150,19.99,Supplier D,Out Of Stock,20/12/2022
1304,Widget C,Clothing,Warehouse 2,Aisle 1,200,NaN,Supplier B,Low Stock,05/03/2023
1691,Gadget Z,Toys,Warehouse 1,Aisle 2,100,29.99,Supplier D,Low Stock,20/12/2022
1681,Gadget Z,Clothing,Warehouse 2,Aisle 3,100,9.99,Supplier A,Low Stock,20/12/2022
1837,Widget C,Electronics,Warehouse 2,Aisle 2,150,9.99,Supplier D,In Stock,05/03/2023
1782,Gadget X,Furniture,Warehouse 2,Aisle 2,300,29.99,Supplier A,Low Stock,15/01/2023
1053,Gadget X,Clothing,Warehouse 3,Aisle 4,300,49.99,Supplier A,In Stock,05/03/2023
1443,Gadget Y,Electronics,Warehouse 1,Aisle 4,NaN,29.99,Supplier A,Out Of Stock,25/04/2023
1612,Gadget Z,Electronics,Warehouse 3,Aisle 3,NaN,19.99,Supplier B,Out Of Stock,NaN
1992,Gadget Y,Toys,Warehouse 2,Aisle 5,150,29.99,Supplier D,In Stock,05/03/2023
1263,Gadget Z,Toys,Warehouse 3,Aisle 3,NaN,9.99,Supplier B,Low Stock,20/12/2022
1052,Widget B,Clothing,Warehouse 2,Aisle 5,100,29.99,Supplier D,In Stock,20/12/2022
1571,Widget B,Furniture,Warehouse 3,Aisle 2,100,NaN,Supplier B,Out Of Stock,05/03/2023
1619,Widget A,Electronics,Warehouse 2,Aisle 1,200,19.99,Supplier C,Out Of Stock,NaN
1004,Gadget Y,Clothing,Warehouse 3,Aisle 3,300,29.99,Supplier A,In Stock,05/03/2023
1102,Widget C,Electronics,Warehouse 3,Aisle 3,150,9.99,Supplier A,Low Stock,NaN
1195,Gadget Y,Electronics,Warehouse 3,Aisle 5,50,19.99,Supplier B,Low Stock,NaN
1773,Widget C,Furniture,Warehouse 1,Aisle 2,300,9.99,Supplier C,In Stock,25/04/2023
1876,Gadget X,Furniture,Warehouse 3,Aisle 2,50,49.99,Supplier A,In Stock,20/12/2022
1991,Gadget Y,Clothing,Warehouse 1,Aisle 5,200,NaN,Supplier D,Low Stock,20/12/2022
1883,Gadget X,Furniture,Warehouse 2,Aisle 2,200,49.99,Supplier B,Out Of Stock,NaN
1349,Widget B,Furniture,Warehouse 3,Aisle 4,NaN,NaN,Supplier A,In Stock,20/12/2022
1046,Widget B,Clothing,Warehouse 2,Aisle 1,200,29.99,Supplier A,Low Stock,15/01/2023
1866,Widget A,Furniture,Warehouse 2,Aisle 3,200,19.99,Supplier B,Low Stock,NaN
1822,Gadget Y,Toys,Warehouse 3,Aisle 1,50,29.99,Supplier B,Out Of Stock,20/12/2022
1935,Gadget X,Electronics,Warehouse 1,Aisle 3,NaN,NaN,Supplier D,Out Of Stock,15/01/2023
1819,Widget C,Electronics,Warehouse 3,Aisle 4,200,NaN,Supplier D,Out Of Stock,25/04/2023
1655,Widget B,Electronics,Warehouse 2,Aisle 2,300,NaN,Supplier A,Out Of Stock,20/12/2022
1268,Widget B,Electronics,Warehouse 2,Aisle 5,200,9.99,Supplier A,Out Of Stock,15/01/2023
1369,Widget C,Clothing,Warehouse 3,Aisle 4,NaN,19.99,Supplier B,In Stock,05/03/2023
1635,Gadget X,Electronics,Warehouse 1,Aisle 1,150,29.99,Supplier A,Low Stock,05/03/2023
1105,Gadget X,Electronics,Warehouse 1,Aisle 5,NaN,29.99,Supplier A,In Stock,15/01/2023
1669,Gadget Y,Electronics,Warehouse 2,Aisle 2,50,49.99,Supplier B,In Stock,NaN
1658,Gadget Y,Electronics,Warehouse 2,Aisle 4,150,NaN,Supplier A,In Stock,NaN
1656,Gadget Z,Toys,Warehouse 1,Aisle 5,300,NaN,Supplier A,In Stock,20/12/2022
1119,Gadget Z,Electronics,Warehouse 3,Aisle 4,100,NaN,Supplier C,In Stock,05/03/2023
1830,Widget A,Toys,Warehouse 2,Aisle 4,NaN,29.99,Supplier D,Out Of Stock,NaN
1786,Widget B,Clothing,Warehouse 1,Aisle 2,50,49.99,Supplier B,Out Of Stock,NaN
1603,Gadget Y,Furniture,Warehouse 2,Aisle 3,300,9.99,Supplier C,Low Stock,05/03/2023
1057,Gadget X,Electronics,Warehouse 3,Aisle 5,150,19.99,Supplier D,In Stock,25/04/2023
1950,Widget C,Furniture,Warehouse 1,Aisle 2,300,9.99,Supplier D,Low Stock,NaN
1345,Gadget X,Furniture,Warehouse 2,Aisle 4,NaN,29.99,Supplier D,Out Of Stock,15/01/2023
1740,Widget B,Clothing,Warehouse 3,Aisle 2,200,NaN,Supplier C,Out Of Stock,20/12/2022
1473,Gadget Z,Furniture,Warehouse 2,Aisle 3,NaN,19.99,Supplier C,Out Of Stock,NaN
1116,Gadget X,Toys,Warehouse 3,Aisle 5,100,29.99,Supplier D,In Stock,NaN
1829,Widget A,Furniture,Warehouse 3,Aisle 3,NaN,29.99,Supplier A,In Stock,25/04/2023
1790,Widget B,Furniture,Warehouse 1,Aisle 1,150,29.99,Supplier A,Out Of Stock,15/01/2023
1126,Gadget Z,Furniture,Warehouse 3,Aisle 5,150,19.99,Supplier C,Low Stock,20/12/2022
1392,Widget C,Electronics,Warehouse 2,Aisle 3,NaN,19.99,Supplier C,Low Stock,NaN
1907,Gadget Z,Electronics,Warehouse 3,Aisle 4,150,49.99,Supplier C,Out Of Stock,20/12/2022
1640,Widget A,Toys,Warehouse 3,Aisle 5,200,49.99,Supplier D,Low Stock,05/03/2023
1057,Widget B,Toys,Warehouse 1,Aisle 5,300,9.99,Supplier A,Out Of Stock,NaN
1633,Widget C,Electronics,Warehouse 3,Aisle 2,NaN,19.99,Supplier C,Low Stock,NaN
1512,Widget A,Toys,Warehouse 3,Aisle 4,200,19.99,Supplier C,Out Of Stock,05/03/2023
1750,Gadget Z,Electronics,Warehouse 2,Aisle 1,300,19.99,Supplier B,Low Stock,25/04/2023
1801,Widget A,Clothing,Warehouse 1,Aisle 3,300,49.99,Supplier D,In Stock,NaN
1095,Widget B,Furniture,Warehouse 1,Aisle 2,200,29.99,Supplier B,Out Of Stock,20/12/2022
1637,Gadget Y,Furniture,Warehouse 1,Aisle 3,50,NaN,Supplier A,Out Of Stock,15/01/2023
1117,Widget A,Toys,Warehouse 3,Aisle 1,NaN,49.99,Supplier B,Low Stock,20/12/2022
1559,Widget A,Electronics,Warehouse 1,Aisle 1,300,19.99,Supplier B,Out Of Stock,25/04/2023
1600,Gadget Z,Electronics,Warehouse 3,Aisle 5,300,49.99,Supplier B,Out Of Stock,15/01/2023
1487,Gadget Z,Toys,Warehouse 3,Aisle 1,150,9.99,Supplier D,Out Of Stock,20/12/2022
1236,Widget C,Electronics,Warehouse 2,Aisle 3,300,19.99,Supplier A,In Stock,20/12/2022
1884,Gadget Z,Clothing,Warehouse 2,Aisle 4,200,9.99,Supplier B,In Stock,05/03/2023
1896,Gadget X,Furniture,Warehouse 2,Aisle 4,300,19.99,Supplier D,Low Stock,25/04/2023
1271,Widget B,Toys,Warehouse 2,Aisle 5,50,49.99,Supplier A,In Stock,05/03/2023
1188,Widget B,Toys,Warehouse 2,Aisle 3,NaN,29.99,Supplier C,Low Stock,15/01/2023
1998,Gadget Y,Electronics,Warehouse 3,Aisle 3,NaN,NaN,Supplier B,In Stock,05/03/2023
1703,Gadget Y,Toys,Warehouse 3,Aisle 1,300,9.99,Supplier A,Low Stock,25/04/2023
1446,Widget B,Clothing,Warehouse 1,Aisle 3,100,49.99,Supplier B,In Stock,NaN
1580,Gadget Y,Electronics,Warehouse 3,Aisle 2,100,29.99,Supplier C,In Stock,NaN
1789,Widget C,Electronics,Warehouse 3,Aisle 1,200,49.99,Supplier A,Low Stock,15/01/2023
1860,Gadget Z,Electronics,Warehouse 2,Aisle 2,100,9.99,Supplier D,Out Of Stock,NaN
1246,Widget B,Electronics,Warehouse 3,Aisle 5,200,NaN,Supplier A,Out Of Stock,05/03/2023
1962,Gadget Y,Clothing,Warehouse 2,Aisle 4,150,49.99,Supplier D,In Stock,15/01/2023
1075,Widget B,Electronics,Warehouse 1,Aisle 5,200,19.99,Supplier A,Low Stock,25/04/2023
1153,Gadget X,Toys,Warehouse 1,Aisle 4,100,29.99,Supplier D,Out Of Stock,15/01/2023
1655,Widget A,Clothing,Warehouse 3,Aisle 5,300,49.99,Supplier C,Low Stock,15/01/2023
1434,Gadget Z,Furniture,Warehouse 1,Aisle 3,150,29.99,Supplier C,Out Of Stock,20/12/2022
1996,Widget B,Furniture,Warehouse 3,Aisle 2,100,19.99,Supplier C,Low Stock,20/12/2022
1085,Widget A,Toys,Warehouse 1,Aisle 4,200,NaN,Supplier A,In Stock,15/01/2023
1696,Gadget Y,Toys,Warehouse 2,Aisle 1,50,NaN,Supplier C,Low Stock,NaN
1284,Widget A,Clothing,Warehouse 2,Aisle 2,NaN,19.99,Supplier B,Out Of Stock,20/12/2022
1973,Gadget Z,Furniture,Warehouse 2,Aisle 1,100,29.99,Supplier C,In Stock,25/04/2023
1219,Widget B,Furniture,Warehouse 2,Aisle 2,200,49.99,Supplier D,Low Stock,05/03/2023
1068,Gadget X,Furniture,Warehouse 3,Aisle 2,150,19.99,Supplier D,Out Of Stock,20/12/2022
1046,Gadget Y,Furniture,Warehouse 1,Aisle 5,100,9.99,Supplier D,In Stock,15/01/2023
1093,Widget B,Furniture,Warehouse 3,Aisle 4,100,29.99,Supplier A,Low Stock,NaN
1749,Gadget Z,Electronics,Warehouse 2,Aisle 4,NaN,NaN,Supplier B,Out Of Stock,05/03/2023
1957,Gadget Y,Toys,Warehouse 3,Aisle 2,200,19.99,Supplier C,Low Stock,20/12/2022
1452,Widget C,Electronics,Warehouse 1,Aisle 3,50,NaN,Supplier B,Low Stock,NaN
1203,Widget A,Furniture,Warehouse 3,Aisle 3,150,29.99,Supplier B,In Stock,NaN
1911,Gadget Z,Clothing,Warehouse 1,Aisle 1,200,NaN,Supplier D,In Stock,NaN
1217,Widget C,Clothing,Warehouse 3,Aisle 1,150,19.99,Supplier D,Out Of Stock,15/01/2023
1473,Widget B,Furniture,Warehouse 1,Aisle 5,100,29.99,Supplier D,In Stock,25/04/2023
1431,Gadget X,Furniture,Warehouse 1,Aisle 2,NaN,9.99,Supplier A,Out Of Stock,NaN
1340,Gadget Y,Clothing,Warehouse 2,Aisle 1,NaN,19.99,Supplier B,Low Stock,05/03/2023
1550,Widget A,Electronics,Warehouse 1,Aisle 1,300,49.99,Supplier B,Low Stock,20/12/2022
1611,Gadget Y,Electronics,Warehouse 2,Aisle 2,50,19.99,Supplier A,Out Of Stock,05/03/2023
1288,Widget B,Furniture,Warehouse 2,Aisle 5,NaN,29.99,Supplier A,Low Stock,15/01/2023
1253,Gadget Y,Electronics,Warehouse 2,Aisle 1,100,19.99,Supplier A,In Stock,15/01/2023
1733,Widget A,Clothing,Warehouse 3,Aisle 5,50,9.99,Supplier B,Low Stock,05/03/2023
1356,Widget B,Electronics,Warehouse 3,Aisle 4,200,9.99,Supplier B,In Stock,25/04/2023
1022,Gadget Y,Furniture,Warehouse 3,Aisle 5,NaN,49.99,Supplier D,Out Of Stock,15/01/2023
1761,Gadget X,Clothing,Warehouse 3,Aisle 3,50,NaN,Supplier D,Out Of Stock,15/01/2023
1521,Gadget Z,Electronics,Warehouse 1,Aisle 3,100,29.99,Supplier B,Low Stock,05/03/2023
1757,Widget B,Toys,Warehouse 1,Aisle 5,300,29.99,Supplier D,Low Stock,15/01/2023
1836,Gadget Z,Clothing,Warehouse 3,Aisle 3,150,NaN,Supplier A,In Stock,25/04/2023
1099,Widget B,Clothing,Warehouse 1,Aisle 4,150,9.99,Supplier C,In Stock,25/04/2023
1801,Gadget X,Toys,Warehouse 1,Aisle 2,100,9.99,Supplier D,Low Stock,25/04/2023
1179,Gadget Z,Toys,Warehouse 2,Aisle 3,100,19.99,Supplier B,Low Stock,20/12/2022
1222,Widget C,Clothing,Warehouse 2,Aisle 3,150,49.99,Supplier D,Out Of Stock,25/04/2023
1905,Widget A,Toys,Warehouse 2,Aisle 5,300,49.99,Supplier D,Out Of Stock,25/04/2023
1761,Widget C,Furniture,Warehouse 2,Aisle 4,50,49.99,Supplier D,Out Of Stock,20/12/2022
1658,Gadget Y,Furniture,Warehouse 1,Aisle 2,150,19.99,Supplier C,Low Stock,NaN
1441,Gadget X,Furniture,Warehouse 3,Aisle 5,100,49.99,Supplier A,Low Stock,15/01/2023
1607,Widget C,Clothing,Warehouse 1,Aisle 5,NaN,NaN,Supplier B,Low Stock,25/04/2023
1768,Widget B,Toys,Warehouse 1,Aisle 4,200,19.99,Supplier C,Out Of Stock,15/01/2023
1324,Gadget Y,Toys,Warehouse 1,Aisle 2,300,NaN,Supplier B,Low Stock,05/03/2023
1515,Gadget Y,Electronics,Warehouse 2,Aisle 4,300,19.99,Supplier B,In Stock,15/01/2023
1015,Widget C,Electronics,Warehouse 2,Aisle 2,NaN,49.99,Supplier B,Low Stock,20/12/2022
1791,Widget C,Toys,Warehouse 2,Aisle 4,NaN,NaN,Supplier C,Low Stock,15/01/2023
1335,Gadget X,Toys,Warehouse 3,Aisle 5,100,NaN,Supplier A,Low Stock,15/01/2023
1758,Widget A,Toys,Warehouse 1,Aisle 5,150,NaN,Supplier B,Low Stock,15/01/2023
1257,Widget C,Clothing,Warehouse 3,Aisle 1,50,19.99,Supplier A,Low Stock,NaN
1496,Widget C,Toys,Warehouse 2,Aisle 3,300,29.99,Supplier A,In Stock,NaN
1987,Gadget Z,Electronics,Warehouse 3,Aisle 4,300,49.99,Supplier D,In Stock,05/03/2023
1895,Widget B,Clothing,Warehouse 1,Aisle 1,NaN,NaN,Supplier C,Low Stock,20/12/2022
1159,Gadget Z,Toys,Warehouse 1,Aisle 3,150,29.99,Supplier C,Out Of Stock,15/01/2023
1474,Gadget Z,Electronics,Warehouse 2,Aisle 4,300,49.99,Supplier D,Low Stock,15/01/2023
1851,Gadget Y,Clothing,Warehouse 2,Aisle 2,50,49.99,Supplier D,Low Stock,15/01/2023
1663,Widget A,Toys,Warehouse 3,Aisle 3,NaN,NaN,Supplier A,Low Stock,15/01/2023
1907,Widget B,Toys,Warehouse 2,Aisle 5,50,NaN,Supplier B,Out Of Stock,NaN
1689,Gadget X,Toys,Warehouse 2,Aisle 1,150,19.99,Supplier C,Out Of Stock,05/03/2023
1674,Gadget X,Clothing,Warehouse 1,Aisle 3,300,29.99,Supplier B,Out Of Stock,25/04/2023
1379,Widget C,Electronics,Warehouse 2,Aisle 3,200,29.99,Supplier B,In Stock,20/12/2022
1544,Widget C,Electronics,Warehouse 2,Aisle 5,300,NaN,Supplier D,Out Of Stock,15/01/2023
1928,Gadget X,Furniture,Warehouse 1,Aisle 4,150,49.99,Supplier B,In Stock,05/03/2023
1956,Widget C,Toys,Warehouse 1,Aisle 2,300,NaN,Supplier A,In Stock,25/04/2023
1690,Widget A,Furniture,Warehouse 3,Aisle 5,300,49.99,Supplier D,Out Of Stock,05/03/2023
1426,Gadget Z,Furniture,Warehouse 2,Aisle 2,100,49.99,Supplier B,Out Of Stock,NaN
1612,Widget C,Electronics,Warehouse 1,Aisle 4,300,NaN,Supplier D,Out Of Stock,25/04/2023
1267,Gadget Y,Clothing,Warehouse 3,Aisle 3,300,9.99,Supplier A,In Stock,05/03/2023
1834,Widget C,Clothing,Warehouse 3,Aisle 2,50,29.99,Supplier A,Low Stock,NaN
1576,Widget B,Electronics,Warehouse 2,Aisle 1,200,49.99,Supplier B,Out Of Stock,05/03/2023
1416,Widget A,Clothing,Warehouse 2,Aisle 1,50,49.99,Supplier D,Out Of Stock,05/03/2023
1167,Widget B,Furniture,Warehouse 3,Aisle 5,50,9.99,Supplier B,Out Of Stock,25/04/2023
1841,Widget B,Toys,Warehouse 1,Aisle 4,NaN,19.99,Supplier B,In Stock,NaN
1042,Gadget Y,Electronics,Warehouse 3,Aisle 5,100,9.99,Supplier D,In Stock,15/01/2023
1555,Widget A,Toys,Warehouse 2,Aisle 5,50,9.99,Supplier B,Low Stock,20/12/2022
1284,Widget A,Clothing,Warehouse 1,Aisle 5,150,49.99,Supplier A,Out Of Stock,25/04/2023
1396,Widget A,Toys,Warehouse 1,Aisle 1,150,29.99,Supplier D,In Stock,NaN
1011,Widget A,Clothing,Warehouse 3,Aisle 1,300,9.99,Supplier D,Low Stock,05/03/2023
1606,Widget A,Clothing,Warehouse 2,Aisle 5,NaN,19.99,Supplier D,Out Of Stock,NaN
1301,Gadget Y,Furniture,Warehouse 3,Aisle 1,100,NaN,Supplier D,In Stock,20/12/2022
1897,Widget C,Clothing,Warehouse 3,Aisle 4,100,9.99,Supplier B,Out Of Stock,20/12/2022
1252,Widget B,Furniture,Warehouse 3,Aisle 5,300,9.99,Supplier B,Out Of Stock,15/01/2023
1498,Widget A,Furniture,Warehouse 1,Aisle 1,150,19.99,Supplier A,In Stock,15/01/2023
1753,Widget C,Furniture,Warehouse 1,Aisle 2,200,29.99,Supplier C,In Stock,20/12/2022
1034,Widget C,Electronics,Warehouse 2,Aisle 5,NaN,9.99,Supplier C,In Stock,25/04/2023
1726,Widget B,Electronics,Warehouse 2,Aisle 5,300,9.99,Supplier A,Out Of Stock,25/04/2023
1848,Gadget Y,Clothing,Warehouse 3,Aisle 4,NaN,29.99,Supplier C,Out Of Stock,05/03/2023
1089,Gadget X,Furniture,Warehouse 3,Aisle 3,150,19.99,Supplier A,Low Stock,15/01/2023
1775,Gadget X,Electronics,Warehouse 3,Aisle 3,150,9.99,Supplier B,Out Of Stock,05/03/2023
1604,Widget C,Furniture,Warehouse 2,Aisle 4,200,29.99,Supplier D,In Stock,15/01/2023
1921,Gadget Z,Toys,Warehouse 1,Aisle 4,200,9.99,Supplier D,Out Of Stock,20/12/2022
1969,Gadget Z,Toys,Warehouse 1,Aisle 4,100,NaN,Supplier B,Low Stock,25/04/2023
1601,Widget B,Toys,Warehouse 3,Aisle 3,NaN,49.99,Supplier D,Low Stock,25/04/2023
1417,Gadget X,Clothing,Warehouse 3,Aisle 4,NaN,NaN,Supplier D,In Stock,20/12/2022
1114,Widget C,Furniture,Warehouse 3,Aisle 1,150,9.99,Supplier C,In Stock,05/03/2023
1616,Gadget Y,Toys,Warehouse 3,Aisle 5,100,19.99,Supplier B,Low Stock,05/03/2023
1902,Gadget X,Electronics,Warehouse 2,Aisle 5,300,49.99,Supplier C,Low Stock,NaN
1195,Widget C,Toys,Warehouse 1,Aisle 2,NaN,NaN,Supplier C,Low Stock,15/01/2023
1825,Widget C,Toys,Warehouse 3,Aisle 2,100,29.99,Supplier D,In Stock,05/03/2023
1500,Widget A,Toys,Warehouse 2,Aisle 5,100,19.99,Supplier D,Low Stock,20/12/2022
1625,Gadget Y,Clothing,Warehouse 3,Aisle 1,150,NaN,Supplier B,Low Stock,05/03/2023
1492,Widget A,Electronics,Warehouse 3,Aisle 3,100,29.99,Supplier D,In Stock,25/04/2023
1074,Widget B,Furniture,Warehouse 1,Aisle 3,200,9.99,Supplier D,Out Of Stock,15/01/2023
1412,Widget A,Electronics,Warehouse 3,Aisle 1,200,29.99,Supplier B,Out Of Stock,NaN
1375,Widget A,Furniture,Warehouse 1,Aisle 3,50,NaN,Supplier D,Low Stock,15/01/2023
1419,Gadget X,Clothing,Warehouse 1,Aisle 4,150,NaN,Supplier C,Out Of Stock,25/04/2023
1728,Gadget Z,Clothing,Warehouse 1,Aisle 5,300,9.99,Supplier B,Out Of Stock,25/04/2023
1276,Widget C,Clothing,Warehouse 2,Aisle 5,50,29.99,Supplier D,Out Of Stock,25/04/2023
1760,Gadget Y,Clothing,Warehouse 2,Aisle 1,200,29.99,Supplier A,Out Of Stock,25/04/2023
1675,Widget A,Furniture,Warehouse 1,Aisle 3,50,9.99,Supplier B,Low Stock,20/12/2022
1393,Gadget Y,Toys,Warehouse 3,Aisle 2,150,29.99,Supplier B,Out Of Stock,NaN
1868,Gadget Z,Furniture,Warehouse 1,Aisle 2,150,9.99,Supplier A,Out Of Stock,25/04/2023
1456,Gadget Z,Electronics,Warehouse 3,Aisle 3,100,19.99,Supplier D,In Stock,25/04/2023
1919,Widget A,Clothing,Warehouse 1,Aisle 2,NaN,NaN,Supplier D,Low Stock,05/03/2023
1191,Widget B,Clothing,Warehouse 3,Aisle 1,100,19.99,Supplier B,In Stock,NaN
1738,Widget A,Electronics,Warehouse 2,Aisle 1,150,49.99,Supplier B,In Stock,15/01/2023
1688,Gadget X,Furniture,Warehouse 3,Aisle 3,200,49.99,Supplier D,Low Stock,NaN
1098,Widget C,Toys,Warehouse 1,Aisle 2,300,49.99,Supplier D,Out Of Stock,NaN
1547,Widget B,Toys,Warehouse 2,Aisle 1,200,9.99,Supplier C,In Stock,NaN
1977,Widget A,Electronics,Warehouse 3,Aisle 1,100,29.99,Supplier B,Low Stock,25/04/2023
1998,Gadget Y,Toys,Warehouse 3,Aisle 4,300,19.99,Supplier B,Out Of Stock,25/04/2023
1095,Widget B,Furniture,Warehouse 3,Aisle 4,150,19.99,Supplier A,Low Stock,20/12/2022
1663,Widget B,Furniture,Warehouse 3,Aisle 1,200,19.99,Supplier C,In Stock,15/01/2023
1662,Widget A,Electronics,Warehouse 3,Aisle 3,150,19.99,Supplier D,Out Of Stock,05/03/2023
1189,Widget B,Furniture,Warehouse 2,Aisle 5,300,49.99,Supplier C,Out Of Stock,NaN
1735,Gadget Y,Clothing,Warehouse 2,Aisle 5,300,19.99,Supplier D,Low Stock,15/01/2023
1036,Gadget Z,Electronics,Warehouse 2,Aisle 1,200,29.99,Supplier D,Out Of Stock,15/01/2023
1779,Widget B,Furniture,Warehouse 2,Aisle 1,150,49.99,Supplier C,In Stock,20/12/2022
1368,Gadget Z,Electronics,Warehouse 1,Aisle 1,50,19.99,Supplier B,In Stock,05/03/2023
1694,Gadget Y,Toys,Warehouse 2,Aisle 3,150,9.99,Supplier D,In Stock,NaN
1524,Widget A,Furniture,Warehouse 3,Aisle 4,300,NaN,Supplier C,Low Stock,05/03/2023
1278,Widget C,Clothing,Warehouse 3,Aisle 1,150,NaN,Supplier A,Out Of Stock,20/12/2022
1216,Widget B,Furniture,Warehouse 2,Aisle 1,100,NaN,Supplier C,Out Of Stock,25/04/2023
1866,Widget C,Electronics,Warehouse 3,Aisle 2,50,49.99,Supplier A,Out Of Stock,15/01/2023
1872,Gadget Y,Electronics,Warehouse 2,Aisle 3,NaN,19.99,Supplier D,In Stock,NaN
1797,Widget B,Furniture,Warehouse 3,Aisle 1,100,49.99,Supplier C,Out Of Stock,25/04/2023
1272,Gadget Z,Clothing,Warehouse 1,Aisle 2,NaN,29.99,Supplier C,In Stock,20/12/2022
1880,Gadget X,Clothing,Warehouse 1,Aisle 5,200,9.99,Supplier A,Out Of Stock,05/03/2023
1061,Widget C,Clothing,Warehouse 2,Aisle 1,NaN,9.99,Supplier C,In Stock,15/01/2023
1595,Widget B,Electronics,Warehouse 2,Aisle 1,150,NaN,Supplier C,Out Of Stock,NaN
1879,Widget C,Furniture,Warehouse 2,Aisle 2,NaN,NaN,Supplier D,Low Stock,25/04/2023
1728,Widget B,Toys,Warehouse 3,Aisle 3,300,NaN,Supplier C,Low Stock,25/04/2023
1341,Widget A,Electronics,Warehouse 2,Aisle 1,100,19.99,Supplier B,In Stock,15/01/2023
1396,Gadget Z,Clothing,Warehouse 1,Aisle 5,100,29.99,Supplier A,In Stock,05/03/2023
1698,Widget C,Furniture,Warehouse 3,Aisle 1,NaN,29.99,Supplier C,Out Of Stock,20/12/2022
1018,Gadget X,Clothing,Warehouse 2,Aisle 5,100,29.99,Supplier A,Out Of Stock,05/03/2023
1176,Gadget X,Toys,Warehouse 3,Aisle 4,300,29.99,Supplier A,Low Stock,05/03/2023
1611,Gadget Y,Clothing,Warehouse 3,Aisle 4,100,NaN,Supplier A,Out Of Stock,05/03/2023
1395,Widget B,Clothing,Warehouse 2,Aisle 5,NaN,9.99,Supplier C,In Stock,15/01/2023
1444,Widget C,Toys,Warehouse 3,Aisle 3,50,NaN,Supplier C,In Stock,15/01/2023
1232,Gadget Y,Furniture,Warehouse 1,Aisle 1,50,29.99,Supplier A,In Stock,20/12/2022
1914,Widget C,Electronics,Warehouse 1,Aisle 1,200,NaN,Supplier B,In Stock,05/03/2023
1075,Widget B,Furniture,Warehouse 3,Aisle 4,100,29.99,Supplier A,In Stock,15/01/2023
1264,Gadget X,Toys,Warehouse 2,Aisle 5,NaN,49.99,Supplier B,Low Stock,20/12/2022
1454,Widget A,Clothing,Warehouse 3,Aisle 1,100,9.99,Supplier A,Low Stock,20/12/2022
1795,Gadget X,Furniture,Warehouse 1,Aisle 1,150,49.99,Supplier D,In Stock,05/03/2023
1717,Gadget Y,Electronics,Warehouse 3,Aisle 3,300,19.99,Supplier A,Out Of Stock,NaN
1734,Gadget Z,Toys,Warehouse 3,Aisle 2,100,NaN,Supplier A,In Stock,05/03/2023
1383,Widget A,Furniture,Warehouse 1,Aisle 4,100,19.99,Supplier C,Low Stock,NaN
1563,Gadget Y,Electronics,Warehouse 3,Aisle 4,50,NaN,Supplier B,In Stock,20/12/2022
1850,Widget B,Toys,Warehouse 3,Aisle 2,300,49.99,Supplier D,Low Stock,15/01/2023
1505,Widget A,Electronics,Warehouse 2,Aisle 1,NaN,29.99,Supplier B,Low Stock,25/04/2023
1366,Gadget Y,Toys,Warehouse 2,Aisle 3,100,29.99,Supplier D,In Stock,20/12/2022
1143,Widget B,Clothing,Warehouse 1,Aisle 3,50,NaN,Supplier A,In Stock,15/01/2023
1884,Gadget X,Furniture,Warehouse 1,Aisle 4,200,29.99,Supplier C,Out Of Stock,20/12/2022
1068,Gadget Z,Electronics,Warehouse 1,Aisle 3,300,49.99,Supplier C,Low Stock,05/03/2023
1098,Widget B,Toys,Warehouse 2,Aisle 2,50,29.99,Supplier B,Out Of Stock,NaN
1395,Widget C,Electronics,Warehouse 1,Aisle 1,50,49.99,Supplier C,In Stock,20/12/2022
1024,Widget B,Electronics,Warehouse 1,Aisle 2,50,19.99,Supplier B,Low Stock,15/01/2023
1947,Widget B,Furniture,Warehouse 1,Aisle 5,100,49.99,Supplier B,Out Of Stock,05/03/2023
1890,Gadget Z,Clothing,Warehouse 2,Aisle 4,100,9.99,Supplier D,Out Of Stock,25/04/2023
1468,Widget C,Electronics,Warehouse 3,Aisle 3,200,9.99,Supplier B,Out Of Stock,05/03/2023
1483,Gadget Y,Toys,Warehouse 1,Aisle 5,150,9.99,Supplier D,In Stock,NaN
1564,Gadget Y,Toys,Warehouse 3,Aisle 3,150,NaN,Supplier C,In Stock,05/03/2023
1150,Widget B,Clothing,Warehouse 1,Aisle 1,150,NaN,Supplier B,In Stock,25/04/2023
1143,Widget C,Toys,Warehouse 3,Aisle 1,300,NaN,Supplier B,Low Stock,15/01/2023
1568,Widget C,Clothing,Warehouse 2,Aisle 1,300,49.99,Supplier A,In Stock,20/12/2022
1038,Gadget Z,Toys,Warehouse 2,Aisle 3,200,NaN,Supplier B,Low Stock,NaN
1108,Gadget X,Furniture,Warehouse 1,Aisle 5,300,19.99,Supplier B,Out Of Stock,25/04/2023
1692,Gadget Y,Electronics,Warehouse 3,Aisle 1,150,9.99,Supplier A,Out Of Stock,NaN
1041,Gadget Z,Furniture,Warehouse 2,Aisle 5,150,49.99,Supplier A,In Stock,05/03/2023
1185,Widget A,Electronics,Warehouse 1,Aisle 3,50,9.99,Supplier C,Out Of Stock,NaN
1934,Gadget Y,Electronics,Warehouse 1,Aisle 5,300,NaN,Supplier B,In Stock,25/04/2023
1397,Gadget Z,Electronics,Warehouse 2,Aisle 3,100,49.99,Supplier C,Low Stock,20/12/2022
1222,Gadget Y,Furniture,Warehouse 2,Aisle 3,100,29.99,Supplier C,Out Of Stock,20/12/2022
1633,Gadget X,Electronics,Warehouse 1,Aisle 4,50,19.99,Supplier A,In Stock,NaN
1132,Widget A,Furniture,Warehouse 3,Aisle 3,50,NaN,Supplier D,Out Of Stock,15/01/2023
1162,Gadget X,Clothing,Warehouse 3,Aisle 3,50,NaN,Supplier C,Out Of Stock,NaN
1214,Widget A,Toys,Warehouse 3,Aisle 2,100,19.99,Supplier D,In Stock,05/03/2023
1732,Widget B,Toys,Warehouse 1,Aisle 1,150,19.99,Supplier B,Out Of Stock,20/12/2022
1234,Gadget Z,Electronics,Warehouse 2,Aisle 4,50,29.99,Supplier A,Out Of Stock,20/12/2022
1842,Widget A,Furniture,Warehouse 1,Aisle 4,200,NaN,Supplier B,Out Of Stock,20/12/2022
1657,Gadget X,Toys,Warehouse 2,Aisle 4,50,NaN,Supplier B,Out Of Stock,15/01/2023
1750,Gadget Y,Furniture,Warehouse 3,Aisle 2,NaN,9.99,Supplier A,Low Stock,15/01/2023
1587,Widget A,Furniture,Warehouse 3,Aisle 3,50,49.99,Supplier B,Out Of Stock,25/04/2023
1008,Gadget Z,Electronics,Warehouse 2,Aisle 1,100,49.99,Supplier A,Out Of Stock,NaN
1073,Widget A,Toys,Warehouse 2,Aisle 5,300,9.99,Supplier D,In Stock,NaN
1953,Widget C,Electronics,Warehouse 1,Aisle 3,50,49.99,Supplier B,Low Stock,05/03/2023
1491,Gadget Y,Electronics,Warehouse 3,Aisle 2,300,19.99,Supplier A,In Stock,20/12/2022
1912,Gadget Z,Toys,Warehouse 1,Aisle 3,NaN,49.99,Supplier C,In Stock,15/01/2023
1252,Gadget Z,Toys,Warehouse 1,Aisle 3,200,49.99,Supplier B,In Stock,05/03/2023
1229,Widget B,Clothing,Warehouse 1,Aisle 2,300,9.99,Supplier D,Low Stock,05/03/2023
1518,Gadget X,Clothing,Warehouse 3,Aisle 4,150,29.99,Supplier A,In Stock,15/01/2023
1173,Widget B,Furniture,Warehouse 1,Aisle 4,50,49.99,Supplier B,In Stock,NaN
1652,Gadget Z,Toys,Warehouse 1,Aisle 1,NaN,49.99,Supplier B,In Stock,20/12/2022
1167,Gadget Y,Clothing,Warehouse 1,Aisle 1,NaN,29.99,Supplier B,Out Of Stock,NaN
1169,Widget A,Furniture,Warehouse 1,Aisle 4,300,9.99,Supplier D,In Stock,05/03/2023
1392,Widget A,Furniture,Warehouse 1,Aisle 5,200,29.99,Supplier A,Low Stock,20/12/2022
1945,Gadget Y,Furniture,Warehouse 1,Aisle 3,100,9.99,Supplier C,Low Stock,25/04/2023
1794,Gadget Z,Clothing,Warehouse 3,Aisle 5,50,19.99,Supplier C,Out Of Stock,05/03/2023
1633,Widget A,Toys,Warehouse 1,Aisle 3,NaN,9.99,Supplier C,Low Stock,NaN
1193,Widget A,Electronics,Warehouse 2,Aisle 4,200,19.99,Supplier A,Low Stock,NaN
1516,Widget A,Furniture,Warehouse 1,Aisle 1,150,19.99,Supplier C,Out Of Stock,NaN
1028,Gadget X,Clothing,Warehouse 1,Aisle 1,NaN,9.99,Supplier D,In Stock,15/01/2023
1164,Gadget X,Clothing,Warehouse 3,Aisle 5,200,NaN,Supplier A,Out Of Stock,05/03/2023
1421,Widget C,Electronics,Warehouse 3,Aisle 1,100,9.99,Supplier B,In Stock,20/12/2022
1338,Widget B,Electronics,Warehouse 2,Aisle 4,100,49.99,Supplier D,In Stock,NaN
1647,Gadget Y,Clothing,Warehouse 2,Aisle 5,NaN,49.99,Supplier B,Low Stock,NaN
1495,Gadget Y,Toys,Warehouse 3,Aisle 3,NaN,NaN,Supplier C,Out Of Stock,15/01/2023
1364,Gadget Y,Electronics,Warehouse 3,Aisle 1,300,19.99,Supplier D,Low Stock,20/12/2022
1832,Widget C,Clothing,Warehouse 1,Aisle 2,50,NaN,Supplier A,Low Stock,05/03/2023
1341,Gadget X,Electronics,Warehouse 3,Aisle 1,200,49.99,Supplier D,In Stock,25/04/2023
1499,Gadget Z,Toys,Warehouse 2,Aisle 3,NaN,NaN,Supplier B,Low Stock,15/01/2023
1656,Gadget Z,Furniture,Warehouse 1,Aisle 5,50,9.99,Supplier A,Out Of Stock,05/03/2023
1510,Widget C,Electronics,Warehouse 2,Aisle 3,300,NaN,Supplier D,Low Stock,25/04/2023
1326,Gadget Z,Toys,Warehouse 1,Aisle 2,50,19.99,Supplier D,Low Stock,NaN
1216,Gadget Y,Clothing,Warehouse 3,Aisle 4,NaN,9.99,Supplier D,In Stock,NaN
1300,Widget B,Electronics,Warehouse 2,Aisle 1,100,29.99,Supplier D,Out Of Stock,20/12/2022
1131,Widget A,Electronics,Warehouse 1,Aisle 5,200,49.99,Supplier A,Low Stock,25/04/2023
1803,Gadget X,Clothing,Warehouse 1,Aisle 4,200,49.99,Supplier B,In Stock,NaN
1069,Gadget X,Furniture,Warehouse 3,Aisle 3,100,NaN,Supplier D,Low Stock,NaN
1251,Widget C,Clothing,Warehouse 3,Aisle 5,NaN,9.99,Supplier A,Out Of Stock,20/12/2022
1414,Gadget X,Electronics,Warehouse 3,Aisle 4,200,29.99,Supplier B,Low Stock,05/03/2023
1786,Gadget Y,Clothing,Warehouse 2,Aisle 5,NaN,9.99,Supplier D,Low Stock,NaN
1444,Gadget Z,Toys,Warehouse 1,Aisle 2,300,49.99,Supplier B,In Stock,15/01/2023
1875,Gadget Y,Clothing,Warehouse 3,Aisle 2,NaN,9.99,Supplier B,Low Stock,15/01/2023
1181,Widget C,Electronics,Warehouse 2,Aisle 1,50,29.99,Supplier A,In Stock,05/03/2023
1166,Gadget Y,Clothing,Warehouse 2,Aisle 1,100,NaN,Supplier B,Out Of Stock,25/04/2023
1090,Gadget Z,Furniture,Warehouse 2,Aisle 2,NaN,19.99,Supplier A,Low Stock,20/12/2022
1713,Widget B,Clothing,Warehouse 3,Aisle 5,300,9.99,Supplier D,Out Of Stock,15/01/2023
1857,Widget C,Furniture,Warehouse 3,Aisle 2,150,19.99,Supplier B,Out Of Stock,15/01/2023
1530,Widget B,Toys,Warehouse 1,Aisle 1,100,49.99,Supplier B,Low Stock,05/03/2023
1038,Widget A,Furniture,Warehouse 1,Aisle 2,200,NaN,Supplier C,In Stock,25/04/2023
1125,Widget B,Clothing,Warehouse 3,Aisle 2,50,NaN,Supplier D,Out Of Stock,25/04/2023
1450,Widget A,Electronics,Warehouse 2,Aisle 5,200,9.99,Supplier D,Out Of Stock,05/03/2023
1172,Widget A,Furniture,Warehouse 2,Aisle 4,300,NaN,Supplier C,Low Stock,15/01/2023
1652,Widget B,Toys,Warehouse 2,Aisle 1,300,9.99,Supplier C,Low Stock,20/12/2022
1753,Widget C,Furniture,Warehouse 1,Aisle 5,200,9.99,Supplier A,Low Stock,15/01/2023
1219,Gadget Z,Furniture,Warehouse 2,Aisle 2,100,19.99,Supplier A,Low Stock,25/04/2023
1637,Gadget Y,Furniture,Warehouse 1,Aisle 2,200,NaN,Supplier B,Low Stock,15/01/2023
1057,Gadget Y,Toys,Warehouse 1,Aisle 4,NaN,9.99,Supplier B,Low Stock,20/12/2022
1659,Gadget Z,Clothing,Warehouse 2,Aisle 1,200,19.99,Supplier B,In Stock,NaN
1475,Widget A,Furniture,Warehouse 2,Aisle 1,50,29.99,Supplier B,Out Of Stock,15/01/2023
1455,Widget A,Furniture,Warehouse 3,Aisle 3,50,19.99,Supplier A,In Stock,05/03/2023
1828,Widget C,Electronics,Warehouse 3,Aisle 1,150,19.99,Supplier D,In Stock,NaN
1894,Gadget X,Toys,Warehouse 2,Aisle 4,50,9.99,Supplier B,Low Stock,05/03/2023
1360,Widget B,Furniture,Warehouse 1,Aisle 3,200,49.99,Supplier D,Out Of Stock,05/03/2023
1934,Widget A,Toys,Warehouse 1,Aisle 3,50,49.99,Supplier B,In Stock,05/03/2023
1000,Gadget Y,Furniture,Warehouse 1,Aisle 2,100,49.99,Supplier C,Low Stock,15/01/2023
1386,Widget C,Clothing,Warehouse 1,Aisle 2,50,19.99,Supplier B,Low Stock,25/04/2023
1972,Widget B,Clothing,Warehouse 1,Aisle 1,NaN,9.99,Supplier B,Out Of Stock,NaN
1347,Widget C,Furniture,Warehouse 3,Aisle 3,100,NaN,Supplier B,In Stock,20/12/2022
1189,Widget B,Clothing,Warehouse 2,Aisle 2,150,19.99,Supplier A,In Stock,25/04/2023
1504,Widget B,Furniture,Warehouse 3,Aisle 4,NaN,19.99,Supplier C,In Stock,15/01/2023
1190,Gadget Z,Clothing,Warehouse 1,Aisle 2,200,9.99,Supplier B,Low Stock,05/03/2023
1507,Widget A,Electronics,Warehouse 1,Aisle 2,200,29.99,Supplier B,Out Of Stock,20/12/2022
1368,Widget C,Electronics,Warehouse 1,Aisle 3,200,19.99,Supplier D,Out Of Stock,NaN
1408,Widget C,Electronics,Warehouse 1,Aisle 3,NaN,29.99,Supplier C,In Stock,25/04/2023
1823,Gadget Z,Toys,Warehouse 2,Aisle 5,NaN,29.99,Supplier B,Low Stock,25/04/2023
1928,Gadget Y,Toys,Warehouse 1,Aisle 4,NaN,49.99,Supplier D,In Stock,20/12/2022
1933,Gadget Y,Electronics,Warehouse 2,Aisle 3,100,9.99,Supplier D,Out Of Stock,15/01/2023
1116,Widget A,Toys,Warehouse 1,Aisle 1,300,29.99,Supplier A,Low Stock,NaN
1133,Widget A,Clothing,Warehouse 2,Aisle 4,100,9.99,Supplier D,In Stock,20/12/2022
1057,Gadget X,Furniture,Warehouse 3,Aisle 4,200,49.99,Supplier B,In Stock,05/03/2023
1555,Gadget Z,Furniture,Warehouse 1,Aisle 3,300,9.99,Supplier A,Low Stock,NaN
1684,Gadget Y,Furniture,Warehouse 2,Aisle 4,50,19.99,Supplier A,Out Of Stock,25/04/2023
1671,Widget B,Electronics,Warehouse 3,Aisle 3,200,29.99,Supplier B,Low Stock,20/12/2022
1172,Widget C,Toys,Warehouse 1,Aisle 2,150,9.99,Supplier C,In Stock,25/04/2023
1828,Widget A,Clothing,Warehouse 1,Aisle 5,100,NaN,Supplier D,In Stock,25/04/2023
1814,Widget C,Clothing,Warehouse 1,Aisle 2,NaN,9.99,Supplier A,In Stock,25/04/2023
1148,Widget C,Electronics,Warehouse 2,Aisle 3,100,29.99,Supplier C,In Stock,15/01/2023
1079,Gadget X,Clothing,Warehouse 2,Aisle 3,NaN,49.99,Supplier B,Out Of Stock,25/04/2023
1885,Gadget Y,Clothing,Warehouse 3,Aisle 2,300,49.99,Supplier D,Out Of Stock,05/03/2023
1212,Widget A,Clothing,Warehouse 2,Aisle 1,150,29.99,Supplier D,In Stock,05/03/2023
1202,Widget C,Clothing,Warehouse 2,Aisle 1,300,19.99,Supplier A,Out Of Stock,NaN
1763,Widget A,Toys,Warehouse 1,Aisle 1,150,19.99,Supplier D,Out Of Stock,25/04/2023
1228,Widget B,Clothing,Warehouse 1,Aisle 3,100,49.99,Supplier D,Out Of Stock,25/04/2023
1675,Gadget X,Furniture,Warehouse 1,Aisle 4,NaN,49.99,Supplier D,In Stock,20/12/2022
1226,Widget B,Electronics,Warehouse 1,Aisle 3,300,29.99,Supplier D,Low Stock,15/01/2023
1658,Widget A,Toys,Warehouse 1,Aisle 4,150,19.99,Supplier B,Low Stock,NaN
1531,Widget A,Clothing,Warehouse 1,Aisle 2,200,49.99,Supplier C,Low Stock,25/04/2023
1440,Gadget Y,Toys,Warehouse 1,Aisle 5,200,19.99,Supplier B,In Stock,20/12/2022
1401,Widget C,Clothing,Warehouse 3,Aisle 4,300,49.99,Supplier B,Out Of Stock,15/01/2023
1046,Widget C,Furniture,Warehouse 3,Aisle 1,NaN,9.99,Supplier A,Out Of Stock,NaN
1232,Widget B,Electronics,Warehouse 3,Aisle 3,300,NaN,Supplier D,In Stock,NaN
1304,Gadget X,Clothing,Warehouse 3,Aisle 2,100,9.99,Supplier B,In Stock,25/04/2023
1525,Gadget Z,Clothing,Warehouse 1,Aisle 1,150,49.99,Supplier D,Low Stock,NaN
1142,Widget C,Clothing,Warehouse 3,Aisle 2,100,NaN,Supplier B,Low Stock,20/12/2022
1414,Gadget Y,Clothing,Warehouse 1,Aisle 5,200,NaN,Supplier B,In Stock,NaN
1512,Widget B,Electronics,Warehouse 3,Aisle 3,150,49.99,Supplier A,Low Stock,05/03/2023
1372,Widget B,Electronics,Warehouse 2,Aisle 3,300,49.99,Supplier C,Out Of Stock,20/12/2022
1565,Gadget Z,Furniture,Warehouse 3,Aisle 5,100,19.99,Supplier C,In Stock,15/01/2023
1885,Gadget Y,Electronics,Warehouse 3,Aisle 3,50,49.99,Supplier B,In Stock,15/01/2023
1258,Gadget X,Clothing,Warehouse 1,Aisle 4,NaN,29.99,Supplier A,Out Of Stock,25/04/2023
1655,Gadget Y,Furniture,Warehouse 3,Aisle 2,NaN,49.99,Supplier D,Out Of Stock,25/04/2023
1470,Gadget X,Furniture,Warehouse 2,Aisle 1,50,29.99,Supplier D,Out Of Stock,05/03/2023
1952,Gadget Y,Furniture,Warehouse 1,Aisle 5,200,49.99,Supplier B,Low Stock,15/01/2023
1970,Gadget Y,Clothing,Warehouse 1,Aisle 4,150,19.99,Supplier C,In Stock,15/01/2023
1011,Widget A,Toys,Warehouse 3,Aisle 1,NaN,29.99,Supplier A,Low Stock,15/01/2023
1329,Widget B,Clothing,Warehouse 1,Aisle 1,50,9.99,Supplier C,Out Of Stock,15/01/2023
1735,Gadget Y,Electronics,Warehouse 1,Aisle 5,300,29.99,Supplier D,Low Stock,NaN
1783,Gadget Z,Electronics,Warehouse 1,Aisle 4,50,19.99,Supplier C,Out Of Stock,20/12/2022
1967,Gadget Y,Clothing,Warehouse 1,Aisle 1,200,29.99,Supplier D,Low Stock,20/12/2022
1357,Widget C,Clothing,Warehouse 1,Aisle 1,200,49.99,Supplier A,Low Stock,05/03/2023
1971,Widget B,Furniture,Warehouse 1,Aisle 4,100,49.99,Supplier A,Out Of Stock,NaN
1407,Widget C,Clothing,Warehouse 2,Aisle 3,NaN,19.99,Supplier B,Low Stock,15/01/2023
1667,Widget B,Furniture,Warehouse 3,Aisle 1,100,NaN,Supplier B,In Stock,15/01/2023
1372,Widget C,Electronics,Warehouse 2,Aisle 2,50,49.99,Supplier C,Low Stock,25/04/2023
1007,Gadget Y,Furniture,Warehouse 1,Aisle 4,150,9.99,Supplier A,Low Stock,25/04/2023
1121,Gadget Y,Clothing,Warehouse 1,Aisle 1,150,19.99,Supplier A,In Stock,05/03/2023
1347,Widget A,Electronics,Warehouse 3,Aisle 5,200,29.99,Supplier B,Out Of Stock,15/01/2023
1675,Gadget Z,Toys,Warehouse 2,Aisle 2,150,29.99,Supplier D,In Stock,05/03/2023
1089,Widget C,Furniture,Warehouse 3,Aisle 1,150,9.99,Supplier C,Low Stock,NaN
1647,Gadget X,Electronics,Warehouse 2,Aisle 2,150,49.99,Supplier C,Out Of Stock,20/12/2022
1697,Widget A,Furniture,Warehouse 1,Aisle 2,50,19.99,Supplier B,Low Stock,15/01/2023
1315,Widget C,Electronics,Warehouse 3,Aisle 3,150,9.99,Supplier A,Low Stock,NaN
1177,Widget C,Electronics,Warehouse 3,Aisle 2,300,49.99,Supplier B,In Stock,15/01/2023
1539,Widget A,Furniture,Warehouse 1,Aisle 3,150,19.99,Supplier B,In Stock,25/04/2023
1731,Gadget Y,Toys,Warehouse 3,Aisle 4,150,29.99,Supplier B,Out Of Stock,05/03/2023
1868,Widget C,Electronics,Warehouse 2,Aisle 3,100,19.99,Supplier B,Out Of Stock,25/04/2023
1040,Gadget Y,Electronics,Warehouse 2,Aisle 5,50,NaN,Supplier D,Out Of Stock,20/12/2022
1739,Widget A,Electronics,Warehouse 2,Aisle 1,200,19.99,Supplier D,Low Stock,25/04/2023
1703,Gadget Y,Toys,Warehouse 2,Aisle 4,100,NaN,Supplier A,In Stock,15/01/2023
1922,Widget B,Toys,Warehouse 1,Aisle 4,NaN,19.99,Supplier B,In Stock,25/04/2023
1501,Gadget X,Clothing,Warehouse 3,Aisle 5,50,NaN,Supplier D,In Stock,15/01/2023
1958,Widget C,Furniture,Warehouse 2,Aisle 3,300,29.99,Supplier A,Out Of Stock,20/12/2022
1144,Gadget Z,Toys,Warehouse 1,Aisle 1,50,49.99,Supplier B,In Stock,25/04/2023
1200,Gadget X,Furniture,Warehouse 3,Aisle 3,NaN,NaN,Supplier C,In Stock,05/03/2023
1928,Gadget Y,Clothing,Warehouse 3,Aisle 2,NaN,NaN,Supplier D,In Stock,05/03/2023
1723,Widget C,Furniture,Warehouse 1,Aisle 3,NaN,29.99,Supplier A,Out Of Stock,05/03/2023
1460,Gadget Y,Toys,Warehouse 1,Aisle 4,200,NaN,Supplier C,In Stock,25/04/2023
1731,Widget B,Furniture,Warehouse 2,Aisle 1,150,9.99,Supplier B,Out Of Stock,25/04/2023
1751,Widget A,Toys,Warehouse 3,Aisle 3,50,29.99,Supplier B,In Stock,25/04/2023
1924,Widget C,Furniture,Warehouse 3,Aisle 1,150,9.99,Supplier B,In Stock,15/01/2023
1908,Widget B,Toys,Warehouse 1,Aisle 1,150,29.99,Supplier D,In Stock,20/12/2022
1557,Widget B,Toys,Warehouse 3,Aisle 2,300,NaN,Supplier A,Out Of Stock,05/03/2023
1546,Widget C,Furniture,Warehouse 2,Aisle 2,NaN,9.99,Supplier C,Out Of Stock,15/01/2023
1252,Gadget Y,Clothing,Warehouse 3,Aisle 4,200,NaN,Supplier A,In Stock,05/03/2023
1389,Gadget Z,Electronics,Warehouse 1,Aisle 5,300,29.99,Supplier D,Low Stock,15/01/2023
1593,Widget B,Clothing,Warehouse 1,Aisle 1,100,NaN,Supplier A,Out Of Stock,25/04/2023
1882,Gadget X,Furniture,Warehouse 2,Aisle 5,200,9.99,Supplier D,Out Of Stock,05/03/2023
1255,Widget B,Clothing,Warehouse 2,Aisle 4,150,9.99,Supplier B,In Stock,25/04/2023
1708,Gadget Z,Toys,Warehouse 3,Aisle 1,200,NaN,Supplier C,Low Stock,05/03/2023
1814,Gadget Y,Electronics,Warehouse 3,Aisle 1,NaN,19.99,Supplier B,In Stock,NaN
1920,Gadget Y,Furniture,Warehouse 1,Aisle 5,100,29.99,Supplier A,Out Of Stock,15/01/2023
1449,Gadget X,Furniture,Warehouse 2,Aisle 3,NaN,29.99,Supplier B,Out Of Stock,NaN
1009,Widget B,Furniture,Warehouse 2,Aisle 2,100,NaN,Supplier C,In Stock,15/01/2023
1823,Gadget Y,Electronics,Warehouse 2,Aisle 3,300,19.99,Supplier B,In Stock,20/12/2022
1797,Gadget Z,Toys,Warehouse 3,Aisle 5,150,9.99,Supplier C,Low Stock,05/03/2023
1241,Widget C,Furniture,Warehouse 2,Aisle 2,100,49.99,Supplier C,Low Stock,20/12/2022
1250,Widget A,Clothing,Warehouse 1,Aisle 3,100,49.99,Supplier B,Out Of Stock,20/12/2022
