Imbd Title Id;Original Title;Release Year;Genre;Duration;Country;Content Rating;Director;Income;Votes;Score
tt0111161;The Shawshank Redemption;1995-02-10;Drama;142;Usa;R;Frank Darabont;$28815245;2278845;9.3
tt0068646;The Godfather;09 21 1972;Crime, Drama;175;Usa;R;Francis Ford Coppola;$246120974;1572674;9.2
tt0468569;The Dark Knight;23 -07-2008;Action, Crime, Drama;152;Usa;Pg-13;Christopher Nolan;$1005455211;2241615;9.0
tt0071562;The Godfather: Part Ii;1975-09-25;Crime, Drama;220;Usa;R;Francis Ford Coppola;$408035783;1098714;9.0
tt0110912;Pulp Fiction;1994-10-28;Crime, Drama;;Usa;R;Quentin Tarantino;$222831817;1780147;
tt0167260;The Lord Of The Rings: The Return Of The King;22 Feb 04;Action, Adventure, Drama;201;New Zealand;Pg-13;Peter Jackson;$1142271098;1604280;8.9
tt0108052;Schindler'S List;1994-03-11;Biography, Drama, History;;Usa;R;Steven Spielberg;$322287794;1183248;8.9
tt0050083;12 Angry Men;1957-09-04;Crime, Drama;96;Usa;Not Rated;Sidney Lumet;$576;668473;8.9
tt1375666;Inception;2010-09-24;Action, Adventure, Sci-Fi;148;Usa;Pg-13;Christopher Nolan;$869784991;2002816;8.8
tt0137523;Fight Club;10-29-99;Drama;;Uk;R;David Fincher;$101218804;1807440;8.8
tt0109830;Forrest Gump;1994-10-06;Drama, Romance;142;Usa;Pg-13;Robert Zemeckis;$678229452;1755490;8.8
tt0120737;The Lord Of The Rings: The Fellowship Of The Ring;2002-01-18;Action, Adventure, Drama;178;New Zealand;Pg-13;Peter Jackson;$887934303;1619920;8.8
tt0060196;Il Buono, Il Brutto, Il Cattivo;23rd December of 1966;Western;161;Italy;Approved;Sergio Leone;$25252481;672499;8.8
tt0133093;The Matrix;1999-05-07;Action, Sci-Fi;;Usa;R;Lana Wachowski, Lilly Wachowski;$465718588;1632315;8.7
tt0167261;The Lord Of The Rings: The Two Towers;01/16-03;Action, Adventure, Drama;179;New Zealand;Pg-13;Peter Jackson;$951227416;1449778;8.7
tt0080684;Star Wars: Episode V - The Empire Strikes Back;1980-09-19;Action, Adventure, Fantasy;;Usa;Pg;Irvin Kershner;$549265501;1132073;
tt0099685;Goodfellas;1990-09-20;Biography, Crime, Drama;146;Usa;R;Martin Scorsese;$46879633;991505;8.7
tt0073486;One Flew Over The Cuckoo'S Nest;18/11/1976;Drama;;Usa;R;Milos Forman;$108997629;891071;8.7
tt0816692;Interstellar;2014-11-06;Adventure, Drama, Sci-Fi;169;Usa;Pg-13;Christopher Nolan;$696742056;1449256;8.6
tt0114369;Se7En;1995-12-15;Crime, Drama, Mystery;127;Usa;R;David Fincher;$327333559;1402015;8.6
tt0102926;The Silence Of The Lambs;1991-03-05;Crime, Drama, Thriller;118;Usa;R;Jonathan Demme;$272753884;1234134;8.6
tt0076759;Star Wars;1977-10-20;Action, Adventure, Fantasy;121;Usa;Pg;George Lucas;$775768912;1204107;8.6
tt0120815;Saving Private Ryan;1998-10-30;Drama, War;169;Usa;R;Steven Spielberg;$482349603;1203825;8.6
tt0120689;The Green Mile;2000-10-03;Crime, Drama, Fantasy;189;Usa;R;Frank Darabont;$286801374;1112336;8.6
tt0317248;Cidade De Deus;2003-05-09;Crime, Drama;130;Brazil;R;Fernando Meirelles, Kátia Lund;$30680793;685856;8.6
tt0245429;Sen To Chihiro No Kamikakushi;2003-04-18;Animation, Adventure, Family;125;Japan;Pg;Hayao Miyazaki;$355467056;626693;8.6
tt0118799;La Vita È Bella;1997-12-20;Comedy, Drama, Romance;116;Italy;#N/A;Roberto Benigni;$230098753;605648;8.6
tt6751668;Gisaengchung;2019-11-07;Comedy, Drama, Thriller;132;South Korea;#N/A;Bong Joon Ho;$257604912;470931;8.6
tt0038650;It'S A Wonderful Life;1948-03-11;Drama, Family, Fantasy;130;Usa;Pg;Frank Capra;$6130720;388310;8.6
tt0047478;Shichinin No Samurai;1955-08-19;Action, Adventure, Drama;207;Japan;Unrated;Akira Kurosawa;$322773;307958;8.6
tt0172495;Gladiator;2000-05-19;Action, Adventure, Drama;155;Usa;R;Ridley Scott;$465361176;1308193;8.5
tt0407887;The Departed;2006-10-27;Crime, Drama, Thriller;151;Usa;R;Martin Scorsese;$291465034;1159703;8.5
tt0482571;The Prestige;2006-12-22;Drama, Mystery, Sci-Fi;130;Uk;Pg-13;Christopher Nolan;$109676311;1155723;8.5
tt0088763;Back To The Future;1985-10-18;Adventure, Comedy, Sci-Fi;116;Usa;Pg;Robert Zemeckis;$388774684;1027330;8.5
tt0120586;American History X;1999-08-27;Drama;119;Usa;R;Tony Kaye;$23875127;1014218;8.5
tt0110413;Léon;1995-04-07;Action, Crime, Drama;110;France;#N/A;Luc Besson;$19552639;1007598;8.5
tt0103064;Terminator 2: Judgment Day;1991-12-19;Action, Sci-Fi;137;Usa;R;James Cameron;$520884847;974970;8.4
tt0114814;The Usual Suspects;1995-11-30;Crime, Mystery, Thriller;106;Usa;R;Bryan Singer;$23341568;968947;8.4
tt0110357;The Lion King;1994-11-25;Animation, Adventure, Drama;88;Usa;G;Roger Allers, Rob Minkoff;$968511805;917248;8.4
tt7286456;Joker;2019-10-03;Crime, Drama, Thriller;122;Usa;#N/A;Todd Phillips;$1074251311;855097;8.4
tt1675434;Intouchables;2012-02-24;Biography, Comedy, Drama;112;France;#N/A;Olivier Nakache, Éric Toledano;$426588510;736691;8.4
tt0253474;The Pianist;2002-10-25;Biography, Drama, Music;150;Uk;R;Roman Polanski;$120072577;707942;8.4
tt2582802;Whiplash;2015-02-12;Drama, Music;106;Usa;R;Damien Chazelle;$48983260;690732;8.4
tt0054215;Psycho;1960-10-28;Horror, Mystery, Thriller;109;Usa;R;Alfred Hitchcock;$32008644;586765;8.3
tt0034583;Casablanca;21-11-46;Drama, Romance, War;102;Usa;Pg;Michael Curtiz;$4374761;509953;8.3
tt0064116;C'Era Una Volta Il West;1968-12-21;Western;165;Italy;Pg-13;Sergio Leone;$112911;295220;8.3
tt0095327;Hotaru No Haka;2015-10-11;Animation, Drama, War;89;Japan;#N/A;Isao Takahata;$516962;225438;8.3
tt0095765;Nuovo Cinema Paradiso;1988-11-17;Drama;155;Italy;#N/A;Giuseppe Tornatore;$13826605;223050;8.3
tt0027977;Modern Times;1937-03-12;Comedy, Drama, Family;87;Usa;G;Charles Chaplin;$457688;211250;8.3
tt1345836;The Dark Knight Rises;2012-08-29;Action, Adventure;164;Uk;Pg-13;Christopher Nolan;$1081133191;1480582;8.3
tt1853728;Django Unchained;2013-01-17;Drama, Western;165;Usa;R;Quentin Tarantino;$425368238;1317856;8.3
tt0209144;Memento;2001-01-19;Mystery, Thriller;113;Usa;R;Christopher Nolan;$39970386;1098879;8.2
tt0910970;Wall·E;2008-10-17;Animation, Adventure, Family;98;Usa;G;Andrew Stanton;$521311860;974734;8.2
tt0081505;The Shining;1980-12-22;Drama, Horror;146;Uk;R;Stanley Kubrick;$46520613;869480;8.2
tt0082971;Raiders Of The Lost Ark;1981-06-12;Action, Adventure;115;Usa;Pg;Steven Spielberg;$390133212;865510;8.2
tt4154756;Avengers: Infinity War;2018-04-25;Action, Adventure, Sci-Fi;149;Usa;#N/A;Anthony Russo, Joe Russo;$2048359754;796486;8.2
tt0078748;Alien;1979-10-25;Horror, Sci-Fi;117;Uk;R;Ridley Scott;$108110316;768874;8.2
tt4154796;Avengers: Endgame;2019-04-24;Action, Adventure, Drama;181;Usa;#N/A;Anthony Russo, Joe Russo;$2797800564;754786;8.2
tt0078788;Apocalypse Now;1979-12-18;Drama, Mystery, War;147;Usa;R;Francis Ford Coppola;$91968688;591251;8.2
tt0364569;Oldeuboi;2005-05-06;Action, Drama, Mystery;120;South Korea;R;Chan-Wook Park;$15002116;501082;8.1
tt0057012;Dr. Strangelove Or: How I Learned To Stop Worrying And Love The Bomb;1964-04-03;Comedy;95;Uk;Pg;Stanley Kubrick;$9443876;441115;8.1
tt0047396;Rear Window;1955-04-14;Mystery, Thriller;112;Usa;#N/A;Alfred Hitchcock;$37032034;432390;8.1
tt2380307;Coco;2017-12-28;Animation, Adventure, Family;105;Usa;#N/A;Lee Unkrich, Adrian Molina;$807083670;352455;8.1
tt0405094;Das Leben Der Anderen;2007-04-06;Drama, Mystery, Thriller;137;Germany;R;Florian Henckel Von Donnersmarck;$77356942;349642;8.1
tt4633694;Spider-Man: Into The Spider-Verse;2018-12-25;Animation, Action, Adventure;117;Usa;#N/A;Bob Persichetti, Peter Ramsey;$375540831;335892;8.1
tt1187043;3 Idiots;2009-12-25;Comedy, Drama;170;India;#N/A;Rajkumar Hirani;$60262836;332217;8.1
tt0119698;Mononoke-Hime;2000-05-19;Animation, Adventure, Fantasy;134;Japan;Pg-13;Hayao Miyazaki;$169785629;331045;8.0
tt0087843;Once Upon A Time In America;1984-09-28;Crime, Drama;229;Usa;R;Sergio Leone;$5472914;302317;8.0
tt0032553;The Great Dictator;1945-06-25;Comedy, Drama, War;125;Usa;#N/A;Charles Chaplin;$969879;197381;8.0
tt0043014;Sunset Blvd.;The 6th of marzo, year 1951;Drama, Film-Noir;110;Usa;#N/A;Billy Wilder;$299645;195789;8.0
tt0361748;Inglourious Basterds;2009-10-02;Adventure, Drama, War;153;Germany;R;Quentin Tarantino;$321455689;1229958;8.0
tt0169547;American Beauty;2000-01-21;Drama;122;Usa;R;Sam Mendes;$356296601;1049009;8.0
tt0112573;Braveheart;1995-12-01;Biography, Drama, History;178;Usa;R;Mel Gibson;$213216216;941683;7.9
tt0086190;Star Wars: Episode Vi - Return Of The Jedi;1983-10-21;Action, Adventure, Fantasy;131;Usa;Pg;Richard Marquand;$475347111;928036;7.9
tt0105236;Reservoir Dogs;1992-10-09;Crime, Drama, Thriller;99;Usa;R;Quentin Tarantino;$2889963;896551;7.9
tt0338013;Eternal Sunshine Of The Spotless Mind;2004-10-22;Drama, Romance, Sci-Fi;108;Usa;R;Michel Gondry;$74036715;889875;7.9
tt0114709;Toy Story;1996-03-22;Animation, Adventure, Comedy;81;Usa;G;John Lasseter;$404265438;864461;7.9
tt0119217;Good Will Hunting;1998-03-06;Drama, Romance;126;Usa;R;Gus Van Sant;$225933435;837379;7.8
tt0208092;Snatch;2001-03-16;Comedy, Crime;104;Uk;R;Guy Ritchie;$83557872;766589;7.8
tt0180093;Requiem For A Dream;2000-12-15;Drama;102;Usa;R;Darren Aronofsky;$7390108;748291;7.8
tt0066921;A Clockwork Orange;1972-09-07;Crime, Drama, Sci-Fi;136;Uk;#N/A;Stanley Kubrick;$26903440;740301;7.8
tt0435761;Toy Story 3;2010-07-07;Animation, Adventure, Comedy;103;Usa;G;Lee Unkrich;$1066969703;739717;7.8
tt0086250;Scarface;1984-02-34;Crime, Drama;170;Usa;R;Brian De Palma;$66023585;721343;7.8
tt0075314;Taxi Driver;1976-13-24;Crime, Drama;114;Usa;R;Martin Scorsese;$28441292;703264;7.7
tt0211915;Le Fabuleux Destin D'Amélie Poulain;2002-01-25;Comedy, Romance;122;France;R;Jean-Pierre Jeunet;$173924742;690480;7.7
tt0093058;Full Metal Jacket;1987-10-09;Drama, War;116;Uk;#N/A;Stanley Kubrick;$46357676;658175;7.7
tt0090605;Aliens;1986-09-24;Action, Adventure, Sci-Fi;137;Usa;R;James Cameron;$131384634;639500;7.7
tt0062622;2001: A Space Odyssey;1968-12-12;Adventure, Sci-Fi;149;Uk;G;Stanley Kubrick;$68989547;587866;7.6
tt0033467;Citizen Kane;1948-11-25;Drama, Mystery;119;Usa;#N/A;Orson Welles;$1594107;389322;7.6
tt8579674;1917;2020-01-23;Drama, War;119;Usa;#N/A;Sam Mendes;$384857224;362897;7.6
tt0086879;Amadeus;1985-02-15;Biography, Drama, History;160;Usa;R;Milos Forman;$52066791;361028;7.6
tt0052357;Vertigo;1958-11-18;Mystery, Romance, Thriller;128;Usa;#N/A;Alfred Hitchcock;$7796389;352786;7.5
tt0053125;North By Northwest;1959-10-28;Adventure, Mystery, Thriller;136;Usa;#N/A;Alfred Hitchcock;$73446;291628;7.5
tt2106476;Jagten;2012-11-22;Drama;115;Denmark;R;Thomas Vinterberg;$15843274;269616;7.5
tt0056172;Lawrence Of Arabia;1963-10-29;Adventure, Biography, Drama;228;Uk;Pg;David Lean;$45710874;261504;7.5
tt0070735;The Sting;1974-03-21;Comedy, Crime, Drama;129;Usa;Pg;George Roy Hill;$156000000;236285;7.5
tt0082096;Das Boot;1982-03-18;Adventure, Drama, Thriller;149;West Germany;R;Wolfgang Petersen;$11487676;226427;7.5
tt0059578;Per Qualche Dollaro In Più;1965-12-20;Western;132;Italy;#N/A;Sergio Leone;$15000000;226039;7.4
tt1832382;Jodaeiye Nader Az Simin;2011-10-21;Drama;123;Iran;Pg-13;Asghar Farhadi;$22926076;214165;7.4
tt0045152;Singin' In The Rain;1953-02-05;Comedy, Musical, Romance;103;Usa;#N/A;Stanley Donen;$1864182;213152;7.4
